ref_id,corpus,source_track_id,audio_path,duration_sec,samplerate,channels,raagas,taalas,artists,works,work_mbids,role,source_md5
carnatic_0_Dorakuna,carnatic,0_Dorakuna,/Users/prita/Desktop/Audio Fingerprinting/afp_bench/data/mirdata/saraga_carnatic/saraga1.5_carnatic/Sumitra Nitin at Arkay by Sumitra Nitin/Dorakuna/Dorakuna.mp3.mp3,2062.256,44100,2,,,Sumitra Nitin,Dorakuna,07e471a8-b14f-47b4-a302-31d898fe3c3d,library_only,a88f156689111fca5bc23a25cf12d311
carnatic_1_Ganamuda_Panam,carnatic,1_Ganamuda_Panam,/Users/prita/Desktop/Audio Fingerprinting/afp_bench/data/mirdata/saraga_carnatic/saraga1.5_carnatic/Sumitra Nitin at Arkay by Sumitra Nitin/Ganamuda Panam/Ganamuda Panam.mp3.mp3,1787.555,44100,2,,,Sumitra Nitin,,,library_only,2c5a8fc7bb3929ed11f74eb06a1ce6c4
carnatic_2_Chidambara_Natarajam,carnatic,2_Chidambara_Natarajam,/Users/prita/Desktop/Audio Fingerprinting/afp_bench/data/mirdata/saraga_carnatic/saraga1.5_carnatic/Sumitra Nitin at Arkay by Sumitra Nitin/Chidambara Natarajam/Chidambara Natarajam.mp3.mp3,732.601,44100,2,,,Sumitra Nitin,,,library_only,66c65d37d6210dbb96c1b53405fa3f43
carnatic_3_Vandalum,carnatic,3_Vandalum,/Users/prita/Desktop/Audio Fingerprinting/afp_bench/data/mirdata/saraga_carnatic/saraga1.5_carnatic/Sumitra Nitin at Arkay by Sumitra Nitin/Vandalum/Vandalum.mp3.mp3,337.263,44100,2,,,Sumitra Nitin,,,library_only,9a519fb94981b9598ec96c1a161b9676
carnatic_4_Thiruveragane_Saveri_Varnam,carnatic,4_Thiruveragane_Saveri_Varnam,/Users/prita/Desktop/Audio Fingerprinting/afp_bench/data/mirdata/saraga_carnatic/saraga1.5_carnatic/Sumitra Nitin at Arkay by Sumitra Nitin/Thiruveragane Saveri Varnam/Thiruveragane Saveri Varnam.mp3.mp3,426.857,44100,2,,,Sumitra Nitin,,,library_only,dfccb5f6cff4c7a68f7dadb147179871
carnatic_5_Rama_Daya_Judave,carnatic,5_Rama_Daya_Judave,/Users/prita/Desktop/Audio Fingerprinting/afp_bench/data/mirdata/saraga_carnatic/saraga1.5_carnatic/Sumitra Nitin at Arkay by Sumitra Nitin/Rama Daya Judave/Rama Daya Judave.mp3.mp3,224.361,44100,2,,,Sumitra Nitin,Rama Daya Joodava,ea41c115-c5f2-4160-b327-a35c0f099161,library_only,3a9bc00f0b87d8dead900ea3abb5870f
carnatic_6_Neene_Ballideno,carnatic,6_Neene_Ballideno,/Users/prita/Desktop/Audio Fingerprinting/afp_bench/data/mirdata/saraga_carnatic/saraga1.5_carnatic/Salem Gayatri Venkatesan at Arkay by Salem Gayatri Venkatesan/Neene Ballideno/Neene Ballideno.mp3.mp3,804.96,44100,2,,,Salem Gayatri Venkatesan,Neene Ballidano,a18e6b7e-fc70-407a-9b3d-583868cf880c,library_only,c86122d13919fbaf669d9f14b1fe5aa3
carnatic_7_Paragu_Matada,carnatic,7_Paragu_Matada,/Users/prita/Desktop/Audio Fingerprinting/afp_bench/data/mirdata/saraga_carnatic/saraga1.5_carnatic/Salem Gayatri Venkatesan at Arkay by Salem Gayatri Venkatesan/Paragu Matada/Paragu Matada.mp3.mp3,1400.204,44100,2,,,Salem Gayatri Venkatesan,Paraagu Maaadada,c9650d99-590f-4659-a5f9-36a07a101ac6,library_only,7a86dd48321cc5f140698ae1b71b3edc
carnatic_8_Palisomma_Muddu_Sarade,carnatic,8_Palisomma_Muddu_Sarade,/Users/prita/Desktop/Audio Fingerprinting/afp_bench/data/mirdata/saraga_carnatic/saraga1.5_carnatic/Salem Gayatri Venkatesan at Arkay by Salem Gayatri Venkatesan/Palisomma Muddu Sarade/Palisomma Muddu Sarade.mp3.mp3,821.881,44100,2,,,Salem Gayatri Venkatesan,Palisemma muddu sharade,d68502a6-bd32-426d-9dc2-14678fd62173,library_only,f5e8bef0f7cda8b0eba1c1ee86e7cd0a
carnatic_9_Ramakrishnaru_Manege,carnatic,9_Ramakrishnaru_Manege,/Users/prita/Desktop/Audio Fingerprinting/afp_bench/data/mirdata/saraga_carnatic/saraga1.5_carnatic/Salem Gayatri Venkatesan at Arkay by Salem Gayatri Venkatesan/Ramakrishnaru Manege/Ramakrishnaru Manege.mp3.mp3,299.102,44100,2,,,Salem Gayatri Venkatesan,Ramakrishnaru Managae,0c23891d-de7a-4f2c-aecf-d34a902fc745,library_only,e27e77779f313f27f57be319c342b90e
carnatic_10_Bandadella_Barali,carnatic,10_Bandadella_Barali,/Users/prita/Desktop/Audio Fingerprinting/afp_bench/data/mirdata/saraga_carnatic/saraga1.5_carnatic/Salem Gayatri Venkatesan at Arkay by Salem Gayatri Venkatesan/Bandadella Barali/Bandadella Barali.mp3.mp3,476.184,44100,2,,,Salem Gayatri Venkatesan,Bandadella Barali,109ef3e7-f59d-4333-90cd-de7d60e2eb8d,library_only,c791854553bdca4ccf7fff39b14f0095
carnatic_11_Tamburi_Mitidava,carnatic,11_Tamburi_Mitidava,/Users/prita/Desktop/Audio Fingerprinting/afp_bench/data/mirdata/saraga_carnatic/saraga1.5_carnatic/Salem Gayatri Venkatesan at Arkay by Salem Gayatri Venkatesan/Tamburi Mitidava/Tamburi Mitidava.mp3.mp3,189.08,44100,2,,,Salem Gayatri Venkatesan,Tamburi meetidava,5fa73951-a3dc-48a8-8e39-fcc035d89837,library_only,10b7ad3586c69351b92aa22a1a646b46
carnatic_12_Sharanu_Janakana,carnatic,12_Sharanu_Janakana,/Users/prita/Desktop/Audio Fingerprinting/afp_bench/data/mirdata/saraga_carnatic/saraga1.5_carnatic/Salem Gayatri Venkatesan at Arkay by Salem Gayatri Venkatesan/Sharanu Janakana/Sharanu Janakana.mp3.mp3,422.176,44100,2,,,Salem Gayatri Venkatesan,Sharanu Janakana,f9d2705b-ca3e-4fa7-92bb-17f32427b13f,library_only,a47209112c81a2e653e0976722623e3f
carnatic_13_Thillana_Purnachandrika,carnatic,13_Thillana_Purnachandrika,/Users/prita/Desktop/Audio Fingerprinting/afp_bench/data/mirdata/saraga_carnatic/saraga1.5_carnatic/Ashwath Narayanan at Arkay by Ashwath Narayanan/Thillana Purnachandrika/Ashwath Narayanan - Thillana Purnachandrika.mp3,108.239,44100,2,Pūrṇacandrika,Ādi,Ashwath Narayanan,Thillana,cab2c14e-06c3-4f06-a378-c3e09e00b884,library_and_test_source,6031e7f264452b090f810a4673d4e002
carnatic_14_Angakaram,carnatic,14_Angakaram,/Users/prita/Desktop/Audio Fingerprinting/afp_bench/data/mirdata/saraga_carnatic/saraga1.5_carnatic/Ashwath Narayanan at Arkay by Ashwath Narayanan/Angakaram/Ashwath Narayanan - Angakaram.mp3,427.142,44100,2,Suraṭi,Rūpaka,Ashwath Narayanan,Angarakam Ashrayamyaham,4d5d7e2f-c670-4e06-8dfe-49ee61dd8914,library_only,837029343ac1e744c2bedd254c98c650
carnatic_15_Samajavarada,carnatic,15_Samajavarada,/Users/prita/Desktop/Audio Fingerprinting/afp_bench/data/mirdata/saraga_carnatic/saraga1.5_carnatic/Ashwath Narayanan at Arkay by Ashwath Narayanan/Samajavarada/Ashwath Narayanan - Samajavarada.mp3,262.832,44100,2,Śudda sāvēri,Rūpaka,Ashwath Narayanan,Samaja Varada Neeku,059709b8-6f10-4a7b-b16d-c889d2d1a27d,library_and_test_source,b8d96962fd0786d1f7cd37ffbdf2ae50
carnatic_16_Evarura,carnatic,16_Evarura,/Users/prita/Desktop/Audio Fingerprinting/afp_bench/data/mirdata/saraga_carnatic/saraga1.5_carnatic/Ashwath Narayanan at Arkay by Ashwath Narayanan/Evarura/Ashwath Narayanan - Evarura.mp3,2162.169,44100,2,Mōhanaṁ,Miśra chāpu,Ashwath Narayanan,Evarura Ninu Vina,11d3ea14-7cb2-4a8e-b77b-232e7fb86af0,library_only,f3a59ae3c97de316d1ba2fce274024e0
carnatic_17_Eranapai,carnatic,17_Eranapai,/Users/prita/Desktop/Audio Fingerprinting/afp_bench/data/mirdata/saraga_carnatic/saraga1.5_carnatic/Ashwath Narayanan at Arkay by Ashwath Narayanan/Eranapai/Ashwath Narayanan - Eranapai.mp3,207.766,44100,2,Tōḍi,Ādi,Ashwath Narayanan,Eranapai,2d9ff47b-a9d4-4944-9cd3-55934fd8685e,library_only,d66bde5dd8775a13464481a2d0e590c2
carnatic_18_Parama_Purusham,carnatic,18_Parama_Purusham,/Users/prita/Desktop/Audio Fingerprinting/afp_bench/data/mirdata/saraga_carnatic/saraga1.5_carnatic/Ashwath Narayanan at Arkay by Ashwath Narayanan/Parama Purusham/Ashwath Narayanan - Parama Purusham.mp3,266.933,44100,2,Lalita pancamaṁ,Khaṇḍa chāpu,Ashwath Narayanan,Parama purusham hrudaya,34659a8a-b012-4a9c-b61b-2aad3911632d,library_and_test_source,769fc13a059a6e77ebe4454e2b61163a
carnatic_19_Marubari,carnatic,19_Marubari,/Users/prita/Desktop/Audio Fingerprinting/afp_bench/data/mirdata/saraga_carnatic/saraga1.5_carnatic/Ashwath Narayanan at Arkay by Ashwath Narayanan/Marubari/Ashwath Narayanan - Marubari.mp3,271.035,44100,2,Kamās,Ādi,Ashwath Narayanan,Marubari,f45a02b7-46a9-48d4-9762-5a8a7b42a2af,library_only,4b484df820a7084f6e509ddde62b7dc5
carnatic_20_Aparadhamula,carnatic,20_Aparadhamula,/Users/prita/Desktop/Audio Fingerprinting/afp_bench/data/mirdata/saraga_carnatic/saraga1.5_carnatic/Ashwath Narayanan at Arkay by Ashwath Narayanan/Aparadhamula/Ashwath Narayanan - Aparadhamula.mp3,1523.972,44100,2,Latāngi,Ādi,Ashwath Narayanan,Aparadhamulanniyu manninchi,16eeca7b-1ed2-4e1c-a576-5c4e64d10000,library_and_test_source,31c47c959adcf60038c9076be3393cd8
carnatic_21_Sadabalarupapi_Shlokam,carnatic,21_Sadabalarupapi_Shlokam,/Users/prita/Desktop/Audio Fingerprinting/afp_bench/data/mirdata/saraga_carnatic/saraga1.5_carnatic/Ashwath Narayanan at Arkay by Ashwath Narayanan/Sadabalarupapi Shlokam/Ashwath Narayanan - Sadabalarupapi Shlokam.mp3,84.834,44100,2,Hamsadhvani,,Ashwath Narayanan,,,library_only,b08c1a082d321aa765cfe7c5fc5e345a
carnatic_22_Hiranmayeem_Lakshmeem,carnatic,22_Hiranmayeem_Lakshmeem,/Users/prita/Desktop/Audio Fingerprinting/afp_bench/data/mirdata/saraga_carnatic/saraga1.5_carnatic/Vignesh Ishwar at Nada Inbam by Vignesh Ishwar/Hiranmayeem Lakshmeem/Vignesh Ishwar - Hiranmayeem Lakshmeem.mp3,449.059,44100,2,Lalita,Rūpaka,Vignesh Ishwar,Hiranmayi,24ad75f0-b63e-4473-b337-08afc16508a9,library_and_test_source,af46372ac2a419f1aa72f869996fd4c9
carnatic_23_Niraimadi_Mugam_Thiruppugazh,carnatic,23_Niraimadi_Mugam_Thiruppugazh,/Users/prita/Desktop/Audio Fingerprinting/afp_bench/data/mirdata/saraga_carnatic/saraga1.5_carnatic/Vignesh Ishwar at Nada Inbam by Vignesh Ishwar/Niraimadi Mugam Thiruppugazh/Vignesh Ishwar - Niraimadi Mugam Thiruppugazh.mp3,85.121,44100,2,Haṁsānandi,Ādi,Vignesh Ishwar,Niraimadimugam(Thirupugazh),d25e872e-7542-45e8-b9d7-968c177df7ad,library_only,df3aaf2bf532b1ab890485f048f2b5ea
carnatic_24_Evvari_Bodhana,carnatic,24_Evvari_Bodhana,/Users/prita/Desktop/Audio Fingerprinting/afp_bench/data/mirdata/saraga_carnatic/saraga1.5_carnatic/Vignesh Ishwar at Nada Inbam by Vignesh Ishwar/Evvari Bodhana/Vignesh Ishwar - Evvari Bodhana.mp3,207.949,44100,2,Ābhōgi,Ādi,Vignesh Ishwar,Evari Bodhana,6ef7a09c-e08d-46a4-b8bf-891d20e87457,library_and_test_source,4fa8c2501754e38ad956d3c50ed407d3
carnatic_25_Sanchara_Dhadhara,carnatic,25_Sanchara_Dhadhara,/Users/prita/Desktop/Audio Fingerprinting/afp_bench/data/mirdata/saraga_carnatic/saraga1.5_carnatic/Vignesh Ishwar at Nada Inbam by Vignesh Ishwar/Sanchara Dhadhara/Vignesh Ishwar - Sanchara Dhadhara.mp3,360.452,44100,2,Rāgamālika,Ādi,Vignesh Ishwar,Sanchara Dadhara,7d4f20aa-f470-4f76-944a-d745407a8459,library_only,8ea50bfda77162b2f58937f5142d62de
carnatic_26_Lokavana_Chatura,carnatic,26_Lokavana_Chatura,/Users/prita/Desktop/Audio Fingerprinting/afp_bench/data/mirdata/saraga_carnatic/saraga1.5_carnatic/Vignesh Ishwar at Nada Inbam by Vignesh Ishwar/Lokavana Chatura/Vignesh Ishwar - Lokavana Chatura.mp3,1286.754,44100,2,Bēgaḍa,Ādi,Vignesh Ishwar,Lokavanachatura,662026de-2cf4-41a4-8708-880be801624e,library_only,e79e3938e51637ef4bc926f9febf92eb
carnatic_27_Idhuthaano_Thillai_Sthalam,carnatic,27_Idhuthaano_Thillai_Sthalam,/Users/prita/Desktop/Audio Fingerprinting/afp_bench/data/mirdata/saraga_carnatic/saraga1.5_carnatic/Vignesh Ishwar at Nada Inbam by Vignesh Ishwar/Idhuthaano Thillai Sthalam/Vignesh Ishwar - Idhuthaano Thillai Sthalam.mp3,338.326,44100,2,Behāg,Ādi,Vignesh Ishwar,Idhu Thaano Thillai Sthalam,36d7a60c-ff60-4d4d-8799-74e1109172ad,library_and_test_source,802687c8a7d5f43ee50a7e50fe5330fa
carnatic_28_Amba_Kamakshi,carnatic,28_Amba_Kamakshi,/Users/prita/Desktop/Audio Fingerprinting/afp_bench/data/mirdata/saraga_carnatic/saraga1.5_carnatic/Vignesh Ishwar at Nada Inbam by Vignesh Ishwar/Amba Kamakshi/Vignesh Ishwar - Amba Kamakshi.mp3,3943.485,44100,2,Bhairavi,Miśra chāpu,Vignesh Ishwar,Amba Kamakshi,a566c7d3-ecaa-41c1-8a38-f9e5e123dbeb,library_only,48ecd9d216c98d1266d705255fbfa10e
carnatic_29_Vitthala_Salaho_Swamy,carnatic,29_Vitthala_Salaho_Swamy,/Users/prita/Desktop/Audio Fingerprinting/afp_bench/data/mirdata/saraga_carnatic/saraga1.5_carnatic/Vignesh Ishwar at Nada Inbam by Vignesh Ishwar/Vitthala Salaho Swamy/Vignesh Ishwar - Vitthala Salaho Swamy.mp3,260.69,44100,2,Dēś,Ādi,Vignesh Ishwar,Vitthala salaho swami,81d593e8-2e4f-412b-8a8d-a4b0530eb71a,library_and_test_source,c79f84e4c2224d4d61073b20dce69c8d
carnatic_30_Pavamana_Suthudu_Mangalam,carnatic,30_Pavamana_Suthudu_Mangalam,/Users/prita/Desktop/Audio Fingerprinting/afp_bench/data/mirdata/saraga_carnatic/saraga1.5_carnatic/Vignesh Ishwar at Nada Inbam by Vignesh Ishwar/Pavamana Suthudu Mangalam/Vignesh Ishwar - Pavamana Suthudu Mangalam.mp3,78.068,44100,2,Saurāṣtraṁ,Ādi,Vignesh Ishwar,Pavamana Suthudu,325a7de3-1cc2-42c5-b34f-a9c5a38301c8,library_only,04d4eb27c24c9e3d585d1ad8d5f416ee
carnatic_31_Karuna_Ela_Gante,carnatic,31_Karuna_Ela_Gante,/Users/prita/Desktop/Audio Fingerprinting/afp_bench/data/mirdata/saraga_carnatic/saraga1.5_carnatic/Vignesh Ishwar at Nada Inbam by Vignesh Ishwar/Karuna Ela Gante/Vignesh Ishwar - Karuna Ela Gante.mp3,724.442,44100,2,Varāḷi,Ādi,Vignesh Ishwar,Karuna Yela Kante,42c428ac-08f9-4cbd-a381-2a66c49ac2e6,library_and_test_source,77a2879137dc6388975c99804bc18bf7
carnatic_32_Gopanandana,carnatic,32_Gopanandana,/Users/prita/Desktop/Audio Fingerprinting/afp_bench/data/mirdata/saraga_carnatic/saraga1.5_carnatic/Vignesh Ishwar at Nada Inbam by Vignesh Ishwar/Gopanandana/Vignesh Ishwar - Gopanandana.mp3,236.448,44100,2,Bhūṣāvaḷi,Ādi,Vignesh Ishwar,Gopanandana,11e667be-c1f6-4e04-b83d-aea4aa2881f3,library_and_test_source,a86c3232cd73a4c33a197e07fedb2dcd
carnatic_33_Entara_Nitana,carnatic,33_Entara_Nitana,/Users/prita/Desktop/Audio Fingerprinting/afp_bench/data/mirdata/saraga_carnatic/saraga1.5_carnatic/Live at Kamarajar Hall by Sanjay Subrahmanyan/Entara Nitana/Sanjay Subrahmanyan - Entara Nitana.mp3,2629.773,44100,2,Harikāmbhōji,Ādi,Sanjay Subrahmanyan,Entara Neetana,fa9b676e-8f95-4412-8197-b93792170dcb,library_and_test_source,bed7172b4be7f6393fbac694c383b0f6
carnatic_34_Teerthakarayinile,carnatic,34_Teerthakarayinile,/Users/prita/Desktop/Audio Fingerprinting/afp_bench/data/mirdata/saraga_carnatic/saraga1.5_carnatic/Live at Kamarajar Hall by Sanjay Subrahmanyan/Teerthakarayinile/Sanjay Subrahmanyan - Teerthakarayinile.mp3,113.2,44100,2,Kamās,,Sanjay Subrahmanyan,Viruttham,68bf633c-ad31-4b64-8697-a4c4c61996d6,library_only,4fb12a8296c93cac7d82a851be796d55
carnatic_35_Thillana_Dhanashri,carnatic,35_Thillana_Dhanashri,/Users/prita/Desktop/Audio Fingerprinting/afp_bench/data/mirdata/saraga_carnatic/saraga1.5_carnatic/Live at Kamarajar Hall by Sanjay Subrahmanyan/Thillana Dhanashri/Sanjay Subrahmanyan - Thillana Dhanashri.mp3,251.853,44100,2,Dhanaśrī,Ādi,Sanjay Subrahmanyan,Thillana,b69b926c-e9e5-4e59-9f18-3066349827cf,library_and_test_source,fa17dc0e8c09bc2b64694386d231c877
carnatic_36_Ozhukkam_Uyirinum,carnatic,36_Ozhukkam_Uyirinum,/Users/prita/Desktop/Audio Fingerprinting/afp_bench/data/mirdata/saraga_carnatic/saraga1.5_carnatic/Live at Kamarajar Hall by Sanjay Subrahmanyan/Ozhukkam Uyirinum/Sanjay Subrahmanyan - Ozhukkam Uyirinum.mp3,308.532,44100,2,Kuntalavarāḷi,Ādi,Sanjay Subrahmanyan,Ozhukkam Uyirinum,aa75041c-d13c-4e05-a93e-c8a90e92fd4e,library_and_test_source,4dda88161cfc4506b4e8a4c488c85168
carnatic_37_Undan_Paada_Pankayam,carnatic,37_Undan_Paada_Pankayam,/Users/prita/Desktop/Audio Fingerprinting/afp_bench/data/mirdata/saraga_carnatic/saraga1.5_carnatic/Live at Kamarajar Hall by Sanjay Subrahmanyan/Undan Paada Pankayam/Sanjay Subrahmanyan - Undan Paada Pankayam.mp3,539.693,44100,2,Śankarābharaṇaṁ,Aṭṭa,Sanjay Subrahmanyan,Undan Paada Pankayam,1476d363-fd21-4415-bc63-12f9549363be,library_and_test_source,4bbe84a521fd97df0dee67502d672910
carnatic_38_Raagam_Thaanam_Pallavi,carnatic,38_Raagam_Thaanam_Pallavi,/Users/prita/Desktop/Audio Fingerprinting/afp_bench/data/mirdata/saraga_carnatic/saraga1.5_carnatic/Live at Kamarajar Hall by Sanjay Subrahmanyan/Raagam Thaanam Pallavi/Sanjay Subrahmanyan - Raagam Thaanam Pallavi.mp3,3007.896,44100,2,Kāpi,Ādi,Sanjay Subrahmanyan,Ragam Thanam Pallavi,9d72b7ba-3f59-4db1-b6ba-e1205f802cee,library_and_test_source,9b54e4e75b32ac5c26d5c64035797984
carnatic_39_Pavamana_Suthudu,carnatic,39_Pavamana_Suthudu,/Users/prita/Desktop/Audio Fingerprinting/afp_bench/data/mirdata/saraga_carnatic/saraga1.5_carnatic/Live at Kamarajar Hall by Sanjay Subrahmanyan/Pavamana Suthudu/Sanjay Subrahmanyan - Pavamana Suthudu.mp3,46.133,44100,2,Saurāṣtraṁ,Ādi,Sanjay Subrahmanyan,Pavamana Suthudu,325a7de3-1cc2-42c5-b34f-a9c5a38301c8,library_only,7fa52ac0576b94fe0f4528deaa41db5b
carnatic_40_Kamakshi,carnatic,40_Kamakshi,/Users/prita/Desktop/Audio Fingerprinting/afp_bench/data/mirdata/saraga_carnatic/saraga1.5_carnatic/Live at Kamarajar Hall by Sanjay Subrahmanyan/Kamakshi/Sanjay Subrahmanyan - Kamakshi.mp3,1223.915,44100,2,Bhairavi,Miśra chāpu,Sanjay Subrahmanyan,Amba Kamakshi,a566c7d3-ecaa-41c1-8a38-f9e5e123dbeb,library_and_test_source,8c725eb13e6577e1b5b5a0fea95e7fbd
carnatic_41_Soundararajam,carnatic,41_Soundararajam,/Users/prita/Desktop/Audio Fingerprinting/afp_bench/data/mirdata/saraga_carnatic/saraga1.5_carnatic/Live at Kamarajar Hall by Sanjay Subrahmanyan/Soundararajam/Sanjay Subrahmanyan - Soundararajam.mp3,576.34,44100,2,Bṛndāvana sāranga,Tiśra-jāti ēka,Sanjay Subrahmanyan,Soundararajam,78dd8f8c-f435-4f96-9ed1-ef461f3db586,library_and_test_source,2196b9fe8ab409187b758051edea7709
carnatic_42_Payum_Oli_Nee_Yenakku,carnatic,42_Payum_Oli_Nee_Yenakku,/Users/prita/Desktop/Audio Fingerprinting/afp_bench/data/mirdata/saraga_carnatic/saraga1.5_carnatic/Live at Kamarajar Hall by Sanjay Subrahmanyan/Payum Oli Nee Yenakku/Sanjay Subrahmanyan - Payum Oli Nee Yenakku.mp3,306.16,44100,2,Kamās,Ādi,Sanjay Subrahmanyan,Payum Oli Nee Enakku,0cd0f7ef-4967-41a4-8baa-6d0ba3535b11,library_only,9ac7020b48285223d153d8ffe7c1098c
carnatic_43_Shatre_Vilagi_Irum,carnatic,43_Shatre_Vilagi_Irum,/Users/prita/Desktop/Audio Fingerprinting/afp_bench/data/mirdata/saraga_carnatic/saraga1.5_carnatic/Live at Kamarajar Hall by Sanjay Subrahmanyan/Shatre Vilagi Irum/Sanjay Subrahmanyan - Shatre Vilagi Irum.mp3,611.387,44100,2,Pūrvīkaḷyāṇi,Rūpaka,Sanjay Subrahmanyan,Shatre vilagi irum pillai sannidhanam,c3040874-cb9f-4ebb-a832-0062e8bca2f5,library_and_test_source,d03fa66ee560988580bb22a7b0ed9870
carnatic_44_Maname_Ramanai_Paada,carnatic,44_Maname_Ramanai_Paada,/Users/prita/Desktop/Audio Fingerprinting/afp_bench/data/mirdata/saraga_carnatic/saraga1.5_carnatic/Live at Kamarajar Hall by Sanjay Subrahmanyan/Maname Ramanai Paada/Sanjay Subrahmanyan - Maname Ramanai Paada.mp3,452.427,44100,2,Sindhubhairavi,Miśra chāpu,Sanjay Subrahmanyan,Maname Ramani Paada,50147e7f-a3f3-4cd1-a3bb-81f355a19466,library_only,c57b9aaa1b78fb62f3b33b1c67865500
carnatic_45_Apparama_Bhakti,carnatic,45_Apparama_Bhakti,/Users/prita/Desktop/Audio Fingerprinting/afp_bench/data/mirdata/saraga_carnatic/saraga1.5_carnatic/Akkarai Sisters at Arkay by Akkarai Sisters/Apparama Bhakti/Apparama Bhakti.mp3.mp3,1608.478,44100,2,Kāmavardani/Pantuvarāḷi,Rūpaka,Akkarai Sisters,Appa rama bhakti,952680aa-ad9b-4a6d-8c32-6cd099a249e5,library_and_test_source,7ccef9bebe4c3afddeb77b3fbd9f8b5c
carnatic_46_Manadirkkugandhadu,carnatic,46_Manadirkkugandhadu,/Users/prita/Desktop/Audio Fingerprinting/afp_bench/data/mirdata/saraga_carnatic/saraga1.5_carnatic/Akkarai Sisters at Arkay by Akkarai Sisters/Manadirkkugandhadu/Manadirkkugandhadu.mp3.mp3,326.989,44100,2,Sindhubhairavi,Ādi,Akkarai Sisters,Manadhirkkugandadu,d3357607-adb1-4c9e-bec2-c1b0644e179a,library_and_test_source,ebf3ce37b94d11d5248c9737a0f1f5f5
carnatic_47_Koti_Janmani,carnatic,47_Koti_Janmani,/Users/prita/Desktop/Audio Fingerprinting/afp_bench/data/mirdata/saraga_carnatic/saraga1.5_carnatic/Akkarai Sisters at Arkay by Akkarai Sisters/Koti Janmani/Koti Janmani.mp3.mp3,526.695,44100,2,Rītigauḷa,Miśra chāpu,Akkarai Sisters,Koti Janmani,f31205be-934d-4fa8-8a4c-1346d93a47e6,library_only,e9e2ba7dbd0cde5c906cec06449918dc
carnatic_48_Brova_Barama,carnatic,48_Brova_Barama,/Users/prita/Desktop/Audio Fingerprinting/afp_bench/data/mirdata/saraga_carnatic/saraga1.5_carnatic/Akkarai Sisters at Arkay by Akkarai Sisters/Brova Barama/Brova Barama.mp3.mp3,263.564,44100,2,Bahudāri,Ādi,Akkarai Sisters,Brova Bharama,49b8bc3b-2485-4f10-ae33-0e18e537aeed,library_and_test_source,f434da6622ba716690a1ba4833fff6d6
carnatic_49_Shankari_Shankuru,carnatic,49_Shankari_Shankuru,/Users/prita/Desktop/Audio Fingerprinting/afp_bench/data/mirdata/saraga_carnatic/saraga1.5_carnatic/Akkarai Sisters at Arkay by Akkarai Sisters/Shankari Shankuru/Shankari Shankuru.mp3.mp3,2735.061,44100,2,Sāvēri,Ādi,Akkarai Sisters,Shankari Shankuru,e5fccb08-d39d-4966-8cdf-521a0482bd10,library_and_test_source,9dc2b2e83771e907cfe6b4c56f6305cc
carnatic_50_Karunimpa_Idi,carnatic,50_Karunimpa_Idi,/Users/prita/Desktop/Audio Fingerprinting/afp_bench/data/mirdata/saraga_carnatic/saraga1.5_carnatic/Akkarai Sisters at Arkay by Akkarai Sisters/Karunimpa Idi/Karunimpa Idi.mp3.mp3,337.804,44100,2,Sahānā,Ādi,Akkarai Sisters,Karunimpa,118eb8d2-e90e-40cc-aa6d-78ed6860ae88,library_only,d51def08eb6e41837febe708ded44c4c
carnatic_51_Pavamana_Suthudu_Mangalam,carnatic,51_Pavamana_Suthudu_Mangalam,/Users/prita/Desktop/Audio Fingerprinting/afp_bench/data/mirdata/saraga_carnatic/saraga1.5_carnatic/Akkarai Sisters at Arkay by Akkarai Sisters/Pavamana Suthudu Mangalam/Pavamana Suthudu Mangalam.mp3.mp3,85.252,44100,2,Saurāṣtraṁ,Ādi,Akkarai Sisters,Pavamana Suthudu,325a7de3-1cc2-42c5-b34f-a9c5a38301c8,library_only,7adf13b87300841b4c89dc023625b46b
carnatic_52_Geeta_Nayakan,carnatic,52_Geeta_Nayakan,/Users/prita/Desktop/Audio Fingerprinting/afp_bench/data/mirdata/saraga_carnatic/saraga1.5_carnatic/Akkarai Sisters at Arkay by Akkarai Sisters/Geeta Nayakan/Geeta Nayakan.mp3.mp3,376.517,44100,2,Rāgamālika,Ādi,Akkarai Sisters,Geeta Nayakan,da7374c7-f60e-4483-8c95-614cb249cf2f,library_only,b3c855098af9f74277bc2cc7366e5912
carnatic_53_Siddhi_Vinayakam,carnatic,53_Siddhi_Vinayakam,/Users/prita/Desktop/Audio Fingerprinting/afp_bench/data/mirdata/saraga_carnatic/saraga1.5_carnatic/Akkarai Sisters at Arkay by Akkarai Sisters/Siddhi Vinayakam/Siddhi Vinayakam.mp3.mp3,754.979,44100,2,Ṣanmukhapriya,Rūpaka,Akkarai Sisters,Siddhi Vinayakam,1bd9d41e-7689-40e8-9048-624395a24762,library_and_test_source,676a920960b4e5698c33434eaf501615
carnatic_54_Thillana_Pahadi,carnatic,54_Thillana_Pahadi,/Users/prita/Desktop/Audio Fingerprinting/afp_bench/data/mirdata/saraga_carnatic/saraga1.5_carnatic/Akkarai Sisters at Arkay by Akkarai Sisters/Thillana Pahadi/Thillana Pahadi.mp3.mp3,281.928,44100,2,Pahāḍi,Ādi,Akkarai Sisters,Thillana,6bf013a9-8c0b-40b5-9b1b-70807479a650,library_and_test_source,26e3d71351f248130e72f3e308c11bc7
carnatic_55_Enadhu_Manam_Kavalai,carnatic,55_Enadhu_Manam_Kavalai,/Users/prita/Desktop/Audio Fingerprinting/afp_bench/data/mirdata/saraga_carnatic/saraga1.5_carnatic/Dr S Sundar at Arkay by S Sundar/Enadhu Manam Kavalai/Enadhu Manam Kavalai.mp3.mp3,396.03,44100,2,Harikāmbhōji,Ādi,S Sundar,Enadu Manam,2a1614cd-867f-4c60-bf59-2a01b16f18cf,library_only,d8f8a98cb32345a2a8449b88c01c53b5
carnatic_56_Purahara_Nandana,carnatic,56_Purahara_Nandana,/Users/prita/Desktop/Audio Fingerprinting/afp_bench/data/mirdata/saraga_carnatic/saraga1.5_carnatic/Dr S Sundar at Arkay by S Sundar/Purahara Nandana/Purahara Nandana.mp3.mp3,191.387,44100,2,Hamīr kaḷyaṇi,Ādi,S Sundar,Purahara Nandana,9ef25893-3e31-481e-948b-6efd79449fa0,library_and_test_source,46dc48d034ce0027ae1723b302fd841b
carnatic_57_Nannu_Brova_Neeku,carnatic,57_Nannu_Brova_Neeku,/Users/prita/Desktop/Audio Fingerprinting/afp_bench/data/mirdata/saraga_carnatic/saraga1.5_carnatic/Dr S Sundar at Arkay by S Sundar/Nannu Brova Neeku/Nannu Brova Neeku.mp3.mp3,377.275,44100,2,Ābhōgi,Ādi,S Sundar,Nannu Brova nee,a1efd91e-ebe9-4afb-8d8c-1e862bf5da06,library_only,8defcabce1672364bf125584669a4c9b
carnatic_58_Nera_Nammiti,carnatic,58_Nera_Nammiti,/Users/prita/Desktop/Audio Fingerprinting/afp_bench/data/mirdata/saraga_carnatic/saraga1.5_carnatic/Dr S Sundar at Arkay by S Sundar/Nera Nammiti/Nera Nammiti.mp3.mp3,357.512,44100,2,Rāgamālika,Rūpaka,S Sundar,Nere nambide ninna charana,439735f5-56e0-40e1-a402-308f4ea6fdcd,library_and_test_source,de7860c1e771e0d1375a5f0fe65616f4
carnatic_59_Parvathi_Ninnu_Neranammiti,carnatic,59_Parvathi_Ninnu_Neranammiti,/Users/prita/Desktop/Audio Fingerprinting/afp_bench/data/mirdata/saraga_carnatic/saraga1.5_carnatic/Dr S Sundar at Arkay by S Sundar/Parvathi Ninnu Neranammiti/Parvathi Ninnu Neranammiti.mp3.mp3,271.27,44100,2,Kalgaḍa,Ādi,S Sundar,Parvathi Ninnu,4dba49fc-19ac-421e-b45b-1716843a50dc,library_and_test_source,c70ab57fd4fb32b1ca76ef633651e804
carnatic_60_Geetha_Vaadya_Natana,carnatic,60_Geetha_Vaadya_Natana,/Users/prita/Desktop/Audio Fingerprinting/afp_bench/data/mirdata/saraga_carnatic/saraga1.5_carnatic/Dr S Sundar at Arkay by S Sundar/Geetha Vaadya Natana/Geetha Vaadya Natana.mp3.mp3,2979.175,44100,2,Nāṭakapriya,Ādi,S Sundar,Geetha Vaadya Natana,2a106641-5c20-4271-a1f6-c01b60d01e37,library_and_test_source,0a71710ef57e0519cb3d0116f693cf17
carnatic_61_Sudhaamayee,carnatic,61_Sudhaamayee,/Users/prita/Desktop/Audio Fingerprinting/afp_bench/data/mirdata/saraga_carnatic/saraga1.5_carnatic/Dr S Sundar at Arkay by S Sundar/Sudhaamayee/Sudhaamayee.mp3.mp3,1614.852,44100,2,Amṛtavarṣiṇi,Rūpaka,S Sundar,Sudhamayi,3418bfc3-d9a1-41c6-b901-485ff86c774f,library_and_test_source,d4b928d218db2154d49d3aee01c8d401
carnatic_62_Shloka_Namaste_Sarvalokaanam,carnatic,62_Shloka_Namaste_Sarvalokaanam,/Users/prita/Desktop/Audio Fingerprinting/afp_bench/data/mirdata/saraga_carnatic/saraga1.5_carnatic/Dr S Sundar at Arkay by S Sundar/Shloka Namaste Sarvalokaanam/Shloka Namaste Sarvalokaanam.mp3.mp3,285.414,44100,2,,,S Sundar,Namaste Sarvalokaanam,6b93b3c8-5427-4b5e-b63a-b97db8728255,library_only,657ad797d6b700b4fba793c4a54f022d
carnatic_63_Vanajaksha_Ninne_Nammiti,carnatic,63_Vanajaksha_Ninne_Nammiti,/Users/prita/Desktop/Audio Fingerprinting/afp_bench/data/mirdata/saraga_carnatic/saraga1.5_carnatic/Dr S Sundar at Arkay by S Sundar/Vanajaksha Ninne Nammiti/Vanajaksha Ninne Nammiti.mp3.mp3,339.136,44100,2,Behāg,Ādi,S Sundar,Vanajaksha Ninne Nammitti,da2f1dd3-50e2-423f-9e35-4942bdae8b38,library_only,0dd51f78be4b8bbc5dd92b61a5f8b95a
carnatic_64_Jaya_Jaya_Padmanabhanujese,carnatic,64_Jaya_Jaya_Padmanabhanujese,/Users/prita/Desktop/Audio Fingerprinting/afp_bench/data/mirdata/saraga_carnatic/saraga1.5_carnatic/Dr S Sundar at Arkay by S Sundar/Jaya Jaya Padmanabhanujese/Jaya Jaya Padmanabhanujese.mp3.mp3,385.216,44100,2,Maṇirangu,Ādi,S Sundar,Jaya Jaya Padmanabanujese,3737c9e8-4beb-419f-98de-9891149df12f,library_and_test_source,f1c08db56227cb6385b295d175175389
carnatic_65_Devadi_Devanukku_Jaya_Mangalam,carnatic,65_Devadi_Devanukku_Jaya_Mangalam,/Users/prita/Desktop/Audio Fingerprinting/afp_bench/data/mirdata/saraga_carnatic/saraga1.5_carnatic/Dr S Sundar at Arkay by S Sundar/Devadi Devanukku Jaya Mangalam/Devadi Devanukku Jaya Mangalam.mp3.mp3,134.257,44100,2,Suraṭi,Khaṇḍa chāpu,S Sundar,Devadidevanukku Mangalam,f0294877-8770-448e-b93f-b00bd1180749,library_only,1661be9d021b2f387f3602f2a8922ef8
carnatic_66_Kannanai_Paadu_Maname,carnatic,66_Kannanai_Paadu_Maname,/Users/prita/Desktop/Audio Fingerprinting/afp_bench/data/mirdata/saraga_carnatic/saraga1.5_carnatic/Dr S Sundar at Arkay by S Sundar/Kannanai Paadu Maname/Kannanai Paadu Maname.mp3.mp3,376.569,44100,2,Kalyāṇi,Ādi,S Sundar,Kannanai Padu Maname,8e4b3245-afb3-49f2-9871-217c3cb90b94,library_and_test_source,403077a1d2a60f125c30738297ee1d75
carnatic_67_Paahi_Maam_Sri,carnatic,67_Paahi_Maam_Sri,/Users/prita/Desktop/Audio Fingerprinting/afp_bench/data/mirdata/saraga_carnatic/saraga1.5_carnatic/Dr S Sundar at Arkay by S Sundar/Paahi Maam Sri/Paahi Maam Sri.mp3.mp3,799.466,44100,2,Janaranjani,Ādi,S Sundar,Paahi Maam Sri,0e302d74-313d-4b10-94e1-a13cdb8eb7cf,library_and_test_source,272474fafcd4b6ff4e9b67ada8c4f44f
carnatic_68_Eppadi_Manam_Thunindhadho,carnatic,68_Eppadi_Manam_Thunindhadho,/Users/prita/Desktop/Audio Fingerprinting/afp_bench/data/mirdata/saraga_carnatic/saraga1.5_carnatic/Dr S Sundar at Arkay by S Sundar/Eppadi Manam Thunindhadho/Eppadi Manam Thunindhadho.mp3.mp3,453.134,44100,2,Hussēnī,Miśra chāpu,S Sundar,Eppadi Manam,2b1755b8-d1ec-4a4b-854a-93b05a33be10,library_and_test_source,e0ed40fac0ec24768ff1d7f794e200e0
carnatic_69_Munnu_Ravana,carnatic,69_Munnu_Ravana,/Users/prita/Desktop/Audio Fingerprinting/afp_bench/data/mirdata/saraga_carnatic/saraga1.5_carnatic/Vasundara Rajagopal at Arkay by Vasundara Rajagopal/Munnu Ravana/Munnu Ravana.mp3.mp3,195.201,44100,2,Tōḍi,Miśra-jāti jhaṁpe,Vasundara Rajagopal,Munnu Ravana Badha Norvaka Vibhishanudu,1dfb0396-0424-4783-bfba-939895dc6c1a,library_only,ec0b6bbbfff1df31a97ed3ac0099da06
carnatic_70_Shlokham,carnatic,70_Shlokham,/Users/prita/Desktop/Audio Fingerprinting/afp_bench/data/mirdata/saraga_carnatic/saraga1.5_carnatic/Vasundara Rajagopal at Arkay by Vasundara Rajagopal/Shlokham/Shlokham.mp3.mp3,2357.173,44100,2,,,Vasundara Rajagopal,Malmaruga Shanmukha,80ddff20-13ca-4bb1-94ec-198a48a61001,library_only,9f8a666801dd55a89cd335d5a6370387
carnatic_71_Pranamamyaham_Sri_Prananatham,carnatic,71_Pranamamyaham_Sri_Prananatham,/Users/prita/Desktop/Audio Fingerprinting/afp_bench/data/mirdata/saraga_carnatic/saraga1.5_carnatic/Vasundara Rajagopal at Arkay by Vasundara Rajagopal/Pranamamyaham Sri Prananatham/Pranamamyaham Sri Prananatham.mp3.mp3,1410.522,44100,2,Ranjani,,Vasundara Rajagopal,Pranamamyaham,426630dc-26b3-4ae5-8445-e931e50e299f,library_and_test_source,b3bca007437ef1de687cfa1a771f660f
carnatic_72_Ni_Ninaindhal_Aagadhadhu,carnatic,72_Ni_Ninaindhal_Aagadhadhu,/Users/prita/Desktop/Audio Fingerprinting/afp_bench/data/mirdata/saraga_carnatic/saraga1.5_carnatic/Vasundara Rajagopal at Arkay by Vasundara Rajagopal/Ni Ninaindhal Aagadhadhu/Ni Ninaindhal Aagadhadhu.mp3.mp3,340.808,44100,2,Jōnpuri,Ādi,Vasundara Rajagopal,Nee Ninaindal,c22021ef-0133-4c4b-9322-771a439b34f0,library_and_test_source,a1194e50ed15eb6f420ad155153821a7
carnatic_73_Chandrashekharam_Sada_Bhajeham,carnatic,73_Chandrashekharam_Sada_Bhajeham,/Users/prita/Desktop/Audio Fingerprinting/afp_bench/data/mirdata/saraga_carnatic/saraga1.5_carnatic/Vasundara Rajagopal at Arkay by Vasundara Rajagopal/Chandrashekharam Sada Bhajeham/Chandrashekharam Sada Bhajeham.mp3.mp3,300.84,44100,2,Mārgahindōḷaṁ,Ādi,Vasundara Rajagopal,Chandrashekharam Sada Bhajeham,359cda3b-f441-4c44-a7cf-e74498482729,library_and_test_source,8f7163c1dc2a3c6eaefa245c09adf79e
carnatic_74_Sri_Jalandara,carnatic,74_Sri_Jalandara,/Users/prita/Desktop/Audio Fingerprinting/afp_bench/data/mirdata/saraga_carnatic/saraga1.5_carnatic/Vasundara Rajagopal at Arkay by Vasundara Rajagopal/Sri Jalandara/Sri Jalandara.mp3.mp3,382.055,44100,2,Gaṁbhīra nāṭa,Ādi,Vasundara Rajagopal,Sri Jalandhara,01ab77b9-bf6f-4b37-a5af-7efe52726541,library_and_test_source,ab61943b7b543138158ff7f04e290b19
carnatic_75_Amba_Nilambari,carnatic,75_Amba_Nilambari,/Users/prita/Desktop/Audio Fingerprinting/afp_bench/data/mirdata/saraga_carnatic/saraga1.5_carnatic/Vasundara Rajagopal at Arkay by Vasundara Rajagopal/Amba Nilambari/Amba Nilambari.mp3.mp3,500.416,44100,2,Nīlāṁbari,Ādi,Vasundara Rajagopal,Amba Nilambari,1cb9f8f2-b7b2-48f6-a1a4-757152ef1c08,library_and_test_source,b5dde46d36b16dda471110640838723d
carnatic_76_Ninnuvina_Marigalada,carnatic,76_Ninnuvina_Marigalada,/Users/prita/Desktop/Audio Fingerprinting/afp_bench/data/mirdata/saraga_carnatic/saraga1.5_carnatic/Vasundara Rajagopal at Arkay by Vasundara Rajagopal/Ninnuvina Marigalada/Ninnuvina Marigalada.mp3.mp3,1364.207,44100,2,Rītigauḷa,Ādi,Vasundara Rajagopal,Ninnuvina,7c0f32b6-f919-4e4f-97e9-d0b56fec66b0,library_and_test_source,fbf06f6159a6f97d749977d8f29a6ccd
carnatic_77_Avani_Sutha,carnatic,77_Avani_Sutha,/Users/prita/Desktop/Audio Fingerprinting/afp_bench/data/mirdata/saraga_carnatic/saraga1.5_carnatic/Vasundara Rajagopal at Arkay by Vasundara Rajagopal/Avani Sutha/Avani Sutha.mp3.mp3,85.252,44100,2,Nādanāmakriya,Ādi,Vasundara Rajagopal,Avani suta natha,b4ec9ea4-d7be-4bdb-b31b-6ecd80f2ac38,library_only,f84549a4ae359fe269b7a61c69b52a31
carnatic_78_Rama_Neepai,carnatic,78_Rama_Neepai,/Users/prita/Desktop/Audio Fingerprinting/afp_bench/data/mirdata/saraga_carnatic/saraga1.5_carnatic/Kanakadurga Venkatesh at Arkay by Kanakadurga Venkatesh/Rama Neepai/Rama Neepai.mp3.mp3,773.343,44100,2,Kedāraṁ,Ādi,Kanakadurga Venkatesh,Rama Neepai,697da1f4-73a9-47e3-9643-cdbacfd576d7,library_and_test_source,0c4b69b57db94ff1c29c10f40546912d
carnatic_79_Etulabrotuva,carnatic,79_Etulabrotuva,/Users/prita/Desktop/Audio Fingerprinting/afp_bench/data/mirdata/saraga_carnatic/saraga1.5_carnatic/Kanakadurga Venkatesh at Arkay by Kanakadurga Venkatesh/Etulabrotuva/Etulabrotuva.mp3.mp3,640.928,44100,2,Cakravākaṁ,Miśra chāpu,Kanakadurga Venkatesh,Etula brotuvo,9da8d6db-ad0f-4a14-a0ba-19f469103047,library_and_test_source,565f08f59ac3e4efdcb5f2610cea320f
carnatic_80_Lokavana_Chatura,carnatic,80_Lokavana_Chatura,/Users/prita/Desktop/Audio Fingerprinting/afp_bench/data/mirdata/saraga_carnatic/saraga1.5_carnatic/Kanakadurga Venkatesh at Arkay by Kanakadurga Venkatesh/Lokavana Chatura/Lokavana Chatura.mp3.mp3,2026.646,44100,2,Bēgaḍa,Ādi,Kanakadurga Venkatesh,Lokavanachatura,662026de-2cf4-41a4-8708-880be801624e,library_and_test_source,c971ed3523d236b6917dc090139450f2
carnatic_81_Enthavedukonthu_Raghava,carnatic,81_Enthavedukonthu_Raghava,/Users/prita/Desktop/Audio Fingerprinting/afp_bench/data/mirdata/saraga_carnatic/saraga1.5_carnatic/Kanakadurga Venkatesh at Arkay by Kanakadurga Venkatesh/Enthavedukonthu Raghava/Enthavedukonthu Raghava.mp3.mp3,454.78,44100,2,Sarasvatī manōhari,Ādi,Kanakadurga Venkatesh,Entha Vedukondu Raghava,f80b5802-8d9d-4f29-a17f-c0682302c7d3,library_and_test_source,52ab854ad5c1df3350acc18d1a554361
carnatic_82_Koluvamaregatha,carnatic,82_Koluvamaregatha,/Users/prita/Desktop/Audio Fingerprinting/afp_bench/data/mirdata/saraga_carnatic/saraga1.5_carnatic/Kanakadurga Venkatesh at Arkay by Kanakadurga Venkatesh/Koluvamaregatha/Koluvamaregatha.mp3.mp3,3002.711,44100,2,Tōḍi,Ādi,Kanakadurga Venkatesh,Koluvamaregada kodandapani,a1aed288-5108-457e-a6c1-a67deac35e01,library_only,4ac153daa076cba17a4d8a1b6662cff0
carnatic_83_Neevada_Negana,carnatic,83_Neevada_Negana,/Users/prita/Desktop/Audio Fingerprinting/afp_bench/data/mirdata/saraga_carnatic/saraga1.5_carnatic/Kanakadurga Venkatesh at Arkay by Kanakadurga Venkatesh/Neevada Negana/Neevada Negana.mp3.mp3,356.716,44100,2,Sāranga,Khaṇḍa chāpu,Kanakadurga Venkatesh,Nivada Negana,c86e44bb-6dde-4dc1-a0f7-5c92428779ad,library_and_test_source,1753f3848784bde3b3be20641c7a9345
carnatic_84_Vara_Leela_Gana_Lola,carnatic,84_Vara_Leela_Gana_Lola,/Users/prita/Desktop/Audio Fingerprinting/afp_bench/data/mirdata/saraga_carnatic/saraga1.5_carnatic/Kanakadurga Venkatesh at Arkay by Kanakadurga Venkatesh/Vara Leela Gana Lola/Vara Leela Gana Lola.mp3.mp3,110.146,44100,2,Śankarābharaṇaṁ,Ādi,Kanakadurga Venkatesh,Vara Leela Gana Lola,620ddb29-d292-44f9-b386-05a38664a2f0,library_and_test_source,6b3961644b63376a88bf2577127e169d
carnatic_85_Chinnanchiru_Kiliye,carnatic,85_Chinnanchiru_Kiliye,/Users/prita/Desktop/Audio Fingerprinting/afp_bench/data/mirdata/saraga_carnatic/saraga1.5_carnatic/Mahati at Arkay by Mahati/Chinnanchiru Kiliye/Chinnanchiru Kiliye.mp3.mp3,316.435,44100,2,Rāgamālika,Ādi,Mahati,Chinnajirukiliye Kannama,3660a6a8-adfe-421b-9928-64578ed74662,library_only,8833482e37a567d29eef8b3429b462ac
carnatic_86_Gopi_Gopala_Bala,carnatic,86_Gopi_Gopala_Bala,/Users/prita/Desktop/Audio Fingerprinting/afp_bench/data/mirdata/saraga_carnatic/saraga1.5_carnatic/Mahati at Arkay by Mahati/Gopi Gopala Bala/Gopi Gopala Bala.mp3.mp3,478.055,44100,2,,Ādi,Mahati,Gopi Gopala Bala,e25ce772-3b96-4db3-9705-90ad5fe11c5f,library_only,d7e1c64dd34517f1cf51a968ba58b484
carnatic_87_Pavamana_Suttudu_Pattu,carnatic,87_Pavamana_Suttudu_Pattu,/Users/prita/Desktop/Audio Fingerprinting/afp_bench/data/mirdata/saraga_carnatic/saraga1.5_carnatic/Mahati at Arkay by Mahati/Pavamana Suttudu Pattu/Pavamana Suttudu Pattu.mp3.mp3,80.079,44100,2,Saurāṣtraṁ,Ādi,Mahati,Pavamana Suthudu,325a7de3-1cc2-42c5-b34f-a9c5a38301c8,library_only,31ccc684e069028da189a82a21acb624
carnatic_88_Kannallavo_Swami,carnatic,88_Kannallavo_Swami,/Users/prita/Desktop/Audio Fingerprinting/afp_bench/data/mirdata/saraga_carnatic/saraga1.5_carnatic/Mahati at Arkay by Mahati/Kannallavo Swami/Kannallavo Swami.mp3.mp3,393.549,44100,2,Suraṭi,Ādi,Mahati,Kannallavo Swami,2b17cb13-8fc0-4454-8df6-246099a16616,library_and_test_source,152ed3b86255d324deeef38b136c2879
carnatic_89_Padavini,carnatic,89_Padavini,/Users/prita/Desktop/Audio Fingerprinting/afp_bench/data/mirdata/saraga_carnatic/saraga1.5_carnatic/Mahati at Arkay by Mahati/Padavini/Padavini.mp3.mp3,300.814,44100,2,Sālaga bhairavi,Ādi,Mahati,Padavini,8ef98b34-96c0-4b1e-bdaf-88a9c00fa2b5,library_and_test_source,f5b2b146b23a604838e77517d9f3f54d
carnatic_90_Vandu_Ketpaar_Illayo,carnatic,90_Vandu_Ketpaar_Illayo,/Users/prita/Desktop/Audio Fingerprinting/afp_bench/data/mirdata/saraga_carnatic/saraga1.5_carnatic/Mahati at Arkay by Mahati/Vandu Ketpaar Illayo/Vandu Ketpaar Illayo.mp3.mp3,421.97,44100,2,Rāgamālika,Ādi,Mahati,Vandu Ketpaar Illayo,c4e68860-9373-44b2-bc0a-6eda086b4dba,library_only,ca3647f32900f4d7202882b463ead39d
carnatic_91_Ragam_Tanam_Pallavi,carnatic,91_Ragam_Tanam_Pallavi,/Users/prita/Desktop/Audio Fingerprinting/afp_bench/data/mirdata/saraga_carnatic/saraga1.5_carnatic/Mahati at Arkay by Mahati/Ragam Tanam Pallavi/Ragam Tanam Pallavi.mp3.mp3,4580.063,44100,2,Ṣanmukhapriya,Ādi,Mahati,Ragam Tanam Pallavi,d72e0073-f65a-48eb-84e6-6110b638af69,library_and_test_source,5c11250432738111ed5f790a9e270c2a
carnatic_92_Tillana,carnatic,92_Tillana,/Users/prita/Desktop/Audio Fingerprinting/afp_bench/data/mirdata/saraga_carnatic/saraga1.5_carnatic/Mahati at Arkay by Mahati/Tillana/Tillana.mp3.mp3,361.34,44100,2,Dvijāvanti,Ādi,Mahati,Tillana,10122368-ee77-4157-9a0a-07ca1aed97df,library_and_test_source,e57a8f0bf18e33b6664be0f4bb093965
carnatic_93_Sharanagatha_Vatsale,carnatic,93_Sharanagatha_Vatsale,/Users/prita/Desktop/Audio Fingerprinting/afp_bench/data/mirdata/saraga_carnatic/saraga1.5_carnatic/Mahati at Arkay by Mahati/Sharanagatha Vatsale/Sharanagatha Vatsale.mp3.mp3,251.495,44100,2,Kathanakutūhalaṁ,Ādi,Mahati,Sharanagatha Vatsale,854c53c3-7b78-4472-b1ba-a262fedc1d2a,library_and_test_source,f62ddadaf9685a7edb6140c39bd43404
carnatic_94_Hiranmayeem,carnatic,94_Hiranmayeem,/Users/prita/Desktop/Audio Fingerprinting/afp_bench/data/mirdata/saraga_carnatic/saraga1.5_carnatic/Mahati at Arkay by Mahati/Hiranmayeem/Hiranmayeem.mp3.mp3,1494.375,44100,2,Lalita,Rūpaka,Mahati,Hiranmayi,24ad75f0-b63e-4473-b337-08afc16508a9,library_and_test_source,bb4377790f7d3be799366b747a07aa0d
carnatic_95_Sogasuga,carnatic,95_Sogasuga,/Users/prita/Desktop/Audio Fingerprinting/afp_bench/data/mirdata/saraga_carnatic/saraga1.5_carnatic/N J Nandini in Arkay by N J Nandini/Sogasuga/Sogasuga.mp3.mp3,511.079,44100,2,,,N J Nandini,Sogasuga,3107dc55-4be4-4dc7-a33b-923a8b09c498,library_only,957899d5f9d003660d238573df8d3428
carnatic_96_Dharini_Telusukonti,carnatic,96_Dharini_Telusukonti,/Users/prita/Desktop/Audio Fingerprinting/afp_bench/data/mirdata/saraga_carnatic/saraga1.5_carnatic/N J Nandini in Arkay by N J Nandini/Dharini Telusukonti/Dharini Telusukonti.mp3.mp3,2014.584,44100,2,,,N J Nandini,Dharini,c6d4d2e0-4f31-417f-bf41-618f4bfd4d04,library_only,3de39f650001b22ffd0a1d8f63d2005b
carnatic_97_Merusamana,carnatic,97_Merusamana,/Users/prita/Desktop/Audio Fingerprinting/afp_bench/data/mirdata/saraga_carnatic/saraga1.5_carnatic/N J Nandini in Arkay by N J Nandini/Merusamana/Merusamana.mp3.mp3,1134.221,44100,2,,,N J Nandini,Merusamana,5bcf8e8a-94df-4684-af3a-7809f9878304,library_only,8ce3eb59bf46b6b19f6db7805374e6ee
carnatic_98_Marugelara,carnatic,98_Marugelara,/Users/prita/Desktop/Audio Fingerprinting/afp_bench/data/mirdata/saraga_carnatic/saraga1.5_carnatic/N J Nandini in Arkay by N J Nandini/Marugelara/Marugelara.mp3.mp3,396.919,44100,2,,,N J Nandini,Marugelara,179df779-a85d-4ce3-8ce0-ae01f6b2d8f9,library_only,5741e3a85f7fcd1b1a9b2135fc9ad994
carnatic_99_Karuna_Ela_Gante,carnatic,99_Karuna_Ela_Gante,/Users/prita/Desktop/Audio Fingerprinting/afp_bench/data/mirdata/saraga_carnatic/saraga1.5_carnatic/N J Nandini in Arkay by N J Nandini/Karuna Ela Gante/Karuna Ela Gante.mp3.mp3,937.982,44100,2,,,N J Nandini,Karuna Yela Kante,42c428ac-08f9-4cbd-a381-2a66c49ac2e6,library_only,a775c08268c5f8f250da62927a37f69c
carnatic_100_Pavamaana_Suthudu_Pattu,carnatic,100_Pavamaana_Suthudu_Pattu,/Users/prita/Desktop/Audio Fingerprinting/afp_bench/data/mirdata/saraga_carnatic/saraga1.5_carnatic/Live at Vani Mahal by Sanjay Subrahmanyan/Pavamaana Suthudu Pattu/Sanjay Subrahmanyan - Pavamaana Suthudu Pattu.mp3,42.505,44100,2,Saurāṣtraṁ,Ādi,Sanjay Subrahmanyan,Pavamana Suthudu,325a7de3-1cc2-42c5-b34f-a9c5a38301c8,library_only,0dd5b74fd6437418d3bf7c2676b38ff1
carnatic_101_Maname_Kanamum,carnatic,101_Maname_Kanamum,/Users/prita/Desktop/Audio Fingerprinting/afp_bench/data/mirdata/saraga_carnatic/saraga1.5_carnatic/Live at Vani Mahal by Sanjay Subrahmanyan/Maname Kanamum/Sanjay Subrahmanyan - Maname Kanamum.mp3,187.427,44100,2,Karṇāṭaka dēvagāndhāri,Ādi,Sanjay Subrahmanyan,Maname kanamum,90aa25cb-3985-4b83-9ce5-3421cab29998,library_and_test_source,6582433e3a0835de555413151a550db5
carnatic_102_Ennadu_Jootuno,carnatic,102_Ennadu_Jootuno,/Users/prita/Desktop/Audio Fingerprinting/afp_bench/data/mirdata/saraga_carnatic/saraga1.5_carnatic/Live at Vani Mahal by Sanjay Subrahmanyan/Ennadu Jootuno/Sanjay Subrahmanyan - Ennadu Jootuno.mp3,1341.753,44100,2,Kalāvati,Ādi,Sanjay Subrahmanyan,Ennadu Jutuno,3b5de4fb-17e5-479c-9c47-252bd0350fd7,library_and_test_source,2bf8d0de532ac8133af3629a26a79023
carnatic_103_Paarengum,carnatic,103_Paarengum,/Users/prita/Desktop/Audio Fingerprinting/afp_bench/data/mirdata/saraga_carnatic/saraga1.5_carnatic/Live at Vani Mahal by Sanjay Subrahmanyan/Paarengum/Sanjay Subrahmanyan - Paarengum.mp3,351.36,44100,2,Kalyāṇi,Rūpaka,Sanjay Subrahmanyan,Parengum Paarthaalum,6e2992f6-ddf4-4cee-8b28-e431c4cc5083,library_only,20b3e00d81de2255265ee05102e077ac
carnatic_104_Saravanabhava_Enum,carnatic,104_Saravanabhava_Enum,/Users/prita/Desktop/Audio Fingerprinting/afp_bench/data/mirdata/saraga_carnatic/saraga1.5_carnatic/Live at Vani Mahal by Sanjay Subrahmanyan/Saravanabhava Enum/Sanjay Subrahmanyan - Saravanabhava Enum.mp3,177.37,44100,2,Ṣanmukhapriya,Ādi,Sanjay Subrahmanyan,Saravanabhava Enum,c715d0a2-ff11-4e90-bc52-6abb3430efc4,library_only,3e63cbb61b514100c37c1b298b8da978
carnatic_105_Karuvutranaal_Mudalaaga,carnatic,105_Karuvutranaal_Mudalaaga,/Users/prita/Desktop/Audio Fingerprinting/afp_bench/data/mirdata/saraga_carnatic/saraga1.5_carnatic/Live at Vani Mahal by Sanjay Subrahmanyan/Karuvutranaal Mudalaaga/Sanjay Subrahmanyan - Karuvutranaal Mudalaaga.mp3,488.173,44100,2,Rāgamālika,,Sanjay Subrahmanyan,,,library_only,6d9112cd29ac60cedf0303deb3edf6c4
carnatic_106_Aru_marundu,carnatic,106_Aru_marundu,/Users/prita/Desktop/Audio Fingerprinting/afp_bench/data/mirdata/saraga_carnatic/saraga1.5_carnatic/Live at Vani Mahal by Sanjay Subrahmanyan/Aru marundu/Sanjay Subrahmanyan - Aru marundu.mp3,851.24,44100,2,Kāṁbhōji,Rūpaka,Sanjay Subrahmanyan,Arumarundhoru,c2bc916a-048c-4655-a392-6733c874a531,library_only,64d51ce426b96a1cc2d7360dc472d5d0
carnatic_107_Eranapai,carnatic,107_Eranapai,/Users/prita/Desktop/Audio Fingerprinting/afp_bench/data/mirdata/saraga_carnatic/saraga1.5_carnatic/Live at Vani Mahal by Sanjay Subrahmanyan/Eranapai/Sanjay Subrahmanyan - Eranapai.mp3,413.32,44100,2,Tōḍi,Ādi,Sanjay Subrahmanyan,Eranapai,2d9ff47b-a9d4-4944-9cd3-55934fd8685e,library_only,b8c9ba9df4e362b3720553c11e480666
carnatic_108_Pullum_Silambena_Kan,carnatic,108_Pullum_Silambena_Kan,/Users/prita/Desktop/Audio Fingerprinting/afp_bench/data/mirdata/saraga_carnatic/saraga1.5_carnatic/Live at Vani Mahal by Sanjay Subrahmanyan/Pullum Silambena Kan/Sanjay Subrahmanyan - Pullum Silambena Kan.mp3,363.8,44100,2,Śankarābharaṇaṁ,Miśra chāpu,Sanjay Subrahmanyan,Pullum Silambena,37a22a82-57ea-41fe-be9e-5aa5114b6dab,library_only,2e09f62ba165987a672357c9db8381d3
carnatic_109_Sri_Raghuvara_Sugunaalaya,carnatic,109_Sri_Raghuvara_Sugunaalaya,/Users/prita/Desktop/Audio Fingerprinting/afp_bench/data/mirdata/saraga_carnatic/saraga1.5_carnatic/Live at Vani Mahal by Sanjay Subrahmanyan/Sri Raghuvara Sugunaalaya/Sanjay Subrahmanyan - Sri Raghuvara Sugunaalaya.mp3,256.801,44100,2,Bhairavi,Ādi,Sanjay Subrahmanyan,Shri Raghuvara Sugunalaya,b8e888d5-b02c-41a5-a463-942835bc4565,library_only,5fa3b7d928f768acc87dd7a30fb7a6c3
carnatic_110_Ragam_Thanam_Pallavi_-_Shanmukhapriya,carnatic,110_Ragam_Thanam_Pallavi_-_Shanmukhapriya,/Users/prita/Desktop/Audio Fingerprinting/afp_bench/data/mirdata/saraga_carnatic/saraga1.5_carnatic/Live at Vani Mahal by Sanjay Subrahmanyan/Ragam Thanam Pallavi - Shanmukhapriya/Sanjay Subrahmanyan - Ragam Thanam Pallavi - Shanmukhapriya.mp3,3788.042,44100,2,Ṣanmukhapriya,Miśra chāpu,Sanjay Subrahmanyan,Ragam Thanam Pallavi,c2d9d626-fe9c-44ab-916c-6d4660c35103,library_only,3f43c93d6e9290db61870cf37fb9b832
carnatic_111_Sarasadalanayana,carnatic,111_Sarasadalanayana,/Users/prita/Desktop/Audio Fingerprinting/afp_bench/data/mirdata/saraga_carnatic/saraga1.5_carnatic/Live at Vani Mahal by Sanjay Subrahmanyan/Sarasadalanayana/Sanjay Subrahmanyan - Sarasadalanayana.mp3,2765.427,44100,2,Kamās,Caturaśra-jāti jhaṁpe,Sanjay Subrahmanyan,Sarasadala Nayana,ac774194-be09-4f96-b7b0-1c18399194e2,library_only,c72a64b28328e7d8ab34bd50eab7f1f0
carnatic_112_Rama_Rama_Guna_Seema,carnatic,112_Rama_Rama_Guna_Seema,/Users/prita/Desktop/Audio Fingerprinting/afp_bench/data/mirdata/saraga_carnatic/saraga1.5_carnatic/Cherthala Ranganatha Sharma at Arkay by Cherthala Ranganatha Sharma/Rama Rama Guna Seema/Rama Rama Guna Seema.mp3.mp3,3608.491,44100,2,Simhēndra madhyamaṁ,Ādi,Cherthala Ranganatha Sharma,Rama Rama Gunasima,ceb1c95a-6151-4b55-a2f6-ada72b88f2bb,library_and_test_source,decb74ae2344fad7bf9feeab4eb27200
carnatic_113_Prathi_Vaaram_Vaaram,carnatic,113_Prathi_Vaaram_Vaaram,/Users/prita/Desktop/Audio Fingerprinting/afp_bench/data/mirdata/saraga_carnatic/saraga1.5_carnatic/Cherthala Ranganatha Sharma at Arkay by Cherthala Ranganatha Sharma/Prathi Vaaram Vaaram/Prathi Vaaram Vaaram.mp3.mp3,487.877,44100,2,Pāḍi,Ādi,Cherthala Ranganatha Sharma,Prathi Varam Varam,975bc7f0-ab09-4285-9abf-19c7c9fde053,library_only,60f02e9ba87c348e7d16f675928a42be
carnatic_114_Varashiki_Vahana,carnatic,114_Varashiki_Vahana,/Users/prita/Desktop/Audio Fingerprinting/afp_bench/data/mirdata/saraga_carnatic/saraga1.5_carnatic/Cherthala Ranganatha Sharma at Arkay by Cherthala Ranganatha Sharma/Varashiki Vahana/Varashiki Vahana.mp3.mp3,545.085,44100,2,,Ādi,Cherthala Ranganatha Sharma,Varashiki Vahana,662b9401-104a-4edc-b4f0-1db72755d2aa,library_only,50a754c435e7bfcb9461b6aaa3e862d8
carnatic_115_Idhu_Thaano_Thillai_Sthalam,carnatic,115_Idhu_Thaano_Thillai_Sthalam,/Users/prita/Desktop/Audio Fingerprinting/afp_bench/data/mirdata/saraga_carnatic/saraga1.5_carnatic/Cherthala Ranganatha Sharma at Arkay by Cherthala Ranganatha Sharma/Idhu Thaano Thillai Sthalam/Idhu Thaano Thillai Sthalam.mp3.mp3,342.871,44100,2,Behāg,Ādi,Cherthala Ranganatha Sharma,Idhu Thaano Thillai Sthalam,36d7a60c-ff60-4d4d-8799-74e1109172ad,library_only,1ff8faa7962e300c3b1522167fb72684
carnatic_116_Bhuvini_Dasudane,carnatic,116_Bhuvini_Dasudane,/Users/prita/Desktop/Audio Fingerprinting/afp_bench/data/mirdata/saraga_carnatic/saraga1.5_carnatic/Cherthala Ranganatha Sharma at Arkay by Cherthala Ranganatha Sharma/Bhuvini Dasudane/Bhuvini Dasudane.mp3.mp3,309.33,44100,2,Śrīranjani,Ādi,Cherthala Ranganatha Sharma,Bhuvini Dasudane,4d05ce9b-c45e-4c85-9eca-941d68b61132,library_and_test_source,f124c3686274f3ffd28db564c8089dea
carnatic_117_Karuna_Nidhi_Illalo,carnatic,117_Karuna_Nidhi_Illalo,/Users/prita/Desktop/Audio Fingerprinting/afp_bench/data/mirdata/saraga_carnatic/saraga1.5_carnatic/Cherthala Ranganatha Sharma at Arkay by Cherthala Ranganatha Sharma/Karuna Nidhi Illalo/Karuna Nidhi Illalo.mp3.mp3,1642.698,44100,2,Tōḍi,Ādi,Cherthala Ranganatha Sharma,Karuna Nidhi Illalo,1ee6d76e-2192-4549-baee-5b694027822e,library_and_test_source,a4e3a25d182889717e0b3529d5b58b03
carnatic_118_Tulasi_Bilva,carnatic,118_Tulasi_Bilva,/Users/prita/Desktop/Audio Fingerprinting/afp_bench/data/mirdata/saraga_carnatic/saraga1.5_carnatic/Cherthala Ranganatha Sharma at Arkay by Cherthala Ranganatha Sharma/Tulasi Bilva/Tulasi Bilva.mp3.mp3,590.799,44100,2,Kēdāragauḷa,Ādi,Cherthala Ranganatha Sharma,Tulasi Bilva,f2ffe5af-d7ff-4a4a-8792-c5a6309e61cb,library_only,c61abe2fa18f4e881094d09928be154f
carnatic_119_Shlokam_-_Shivah_Shaktyayukto,carnatic,119_Shlokam_-_Shivah_Shaktyayukto,/Users/prita/Desktop/Audio Fingerprinting/afp_bench/data/mirdata/saraga_carnatic/saraga1.5_carnatic/Cherthala Ranganatha Sharma at Arkay by Cherthala Ranganatha Sharma/Shlokam - Shivah Shaktyayukto/Shlokam - Shivah Shaktyayukto.mp3.mp3,92.801,44100,2,Madhyamāvati,,Cherthala Ranganatha Sharma,Shlokam - Shivah Shaktyayukto,a8dc76bb-92b8-4244-b1b5-6502b45d7607,library_and_test_source,8585b52ea0207449c05cf1f5e468cf3a
carnatic_120_Velum_Mayilume,carnatic,120_Velum_Mayilume,/Users/prita/Desktop/Audio Fingerprinting/afp_bench/data/mirdata/saraga_carnatic/saraga1.5_carnatic/Cherthala Ranganatha Sharma at Arkay by Cherthala Ranganatha Sharma/Velum Mayilume/Velum Mayilume.mp3.mp3,734.186,44100,2,Sucaritra,Rūpaka,Cherthala Ranganatha Sharma,Velum Mayilume,a0b91e89-3869-4ed1-b3f7-20742f22f661,library_and_test_source,4c4012066713fa731c76ea4a4fd0cb3f
carnatic_121_Tolinenu_Jesina,carnatic,121_Tolinenu_Jesina,/Users/prita/Desktop/Audio Fingerprinting/afp_bench/data/mirdata/saraga_carnatic/saraga1.5_carnatic/Prema Rangarajan at Arkay by Prema Rangarajan/Tolinenu Jesina/Tolinenu Jesina.mp3.mp3,258.858,44100,2,,,Prema Rangarajan,,,library_only,8dd280d060f3620efa4086010e4a9c3b
carnatic_122_Kailasapathe,carnatic,122_Kailasapathe,/Users/prita/Desktop/Audio Fingerprinting/afp_bench/data/mirdata/saraga_carnatic/saraga1.5_carnatic/Prema Rangarajan at Arkay by Prema Rangarajan/Kailasapathe/Kailasapathe.mp3.mp3,2689.116,44100,2,,,Prema Rangarajan,,,library_only,993419517bf5932e2d519b5a35cb9ef5
carnatic_123_Shri_Kamakshi_Shritajana,carnatic,123_Shri_Kamakshi_Shritajana,/Users/prita/Desktop/Audio Fingerprinting/afp_bench/data/mirdata/saraga_carnatic/saraga1.5_carnatic/Prema Rangarajan at Arkay by Prema Rangarajan/Shri Kamakshi Shritajana/Shri Kamakshi Shritajana.mp3.mp3,893.403,44100,2,,,Prema Rangarajan,sri kamakshi,b202b9c2-d77b-4cb9-a081-9b3a7fb85791,library_only,082c9ecf6b07d065ad9eb89b19bc524c
carnatic_124_Thillana_Vasanta,carnatic,124_Thillana_Vasanta,/Users/prita/Desktop/Audio Fingerprinting/afp_bench/data/mirdata/saraga_carnatic/saraga1.5_carnatic/Prema Rangarajan at Arkay by Prema Rangarajan/Thillana Vasanta/Thillana Vasanta.mp3.mp3,262.778,44100,2,,,Prema Rangarajan,,,library_only,68653639e88de6c5e1b7d26694f0d010
carnatic_125_Nera_Nammiti,carnatic,125_Nera_Nammiti,/Users/prita/Desktop/Audio Fingerprinting/afp_bench/data/mirdata/saraga_carnatic/saraga1.5_carnatic/Prema Rangarajan at Arkay by Prema Rangarajan/Nera Nammiti/Nera Nammiti.mp3.mp3,315.602,44100,2,,,Prema Rangarajan,Nera Nammiti,9dd812cd-6db9-4bf2-b13c-ff13b46200ed,library_only,f0cb921907147324dc2a919a5081b80a
carnatic_126_Lalitha_Lavanga,carnatic,126_Lalitha_Lavanga,/Users/prita/Desktop/Audio Fingerprinting/afp_bench/data/mirdata/saraga_carnatic/saraga1.5_carnatic/Prema Rangarajan at Arkay by Prema Rangarajan/Lalitha Lavanga/Lalitha Lavanga.mp3.mp3,320.352,44100,2,,,Prema Rangarajan,,,library_only,5bf3223295b810d6f31700a8b60ca247
carnatic_127_Thamarai_Kangal,carnatic,127_Thamarai_Kangal,/Users/prita/Desktop/Audio Fingerprinting/afp_bench/data/mirdata/saraga_carnatic/saraga1.5_carnatic/Prema Rangarajan at Arkay by Prema Rangarajan/Thamarai Kangal/Thamarai Kangal.mp3.mp3,1203.117,44100,2,,,Prema Rangarajan,,,library_only,3ad3cb445d4ea37a77b76eab3c91b2c6
carnatic_128_Gam_Ganapate,carnatic,128_Gam_Ganapate,/Users/prita/Desktop/Audio Fingerprinting/afp_bench/data/mirdata/saraga_carnatic/saraga1.5_carnatic/Prema Rangarajan at Arkay by Prema Rangarajan/Gam Ganapate/Gam Ganapate.mp3.mp3,447.236,44100,2,,,Prema Rangarajan,Gam Ganapathe,e256ee13-f5d4-4280-aca0-5d0f08fff461,library_only,a00fd8ccfdb5e6f2c72ad01a1c36f336
carnatic_129_Karunajaladhe,carnatic,129_Karunajaladhe,/Users/prita/Desktop/Audio Fingerprinting/afp_bench/data/mirdata/saraga_carnatic/saraga1.5_carnatic/Prema Rangarajan at Arkay by Prema Rangarajan/Karunajaladhe/Karunajaladhe.mp3.mp3,214.88,44100,2,,,Prema Rangarajan,Karunajaladhi Dasarathi,eea106a1-ad90-4bb1-9e0c-5e65cd8ef503,library_only,d248bbf9006c89af78bb7cf3a9aed693
carnatic_130_Ghandhamu_Poyyaruga,carnatic,130_Ghandhamu_Poyyaruga,/Users/prita/Desktop/Audio Fingerprinting/afp_bench/data/mirdata/saraga_carnatic/saraga1.5_carnatic/Modhumudi Sudhakar at Arkay by Modhumudi Sudhakar/Ghandhamu Poyyaruga/Ghandhamu Poyyaruga.mp3.mp3,231.981,44100,2,Puṇṇāgavarāḷi,Ādi,Modhumudi Sudhakar,Gandhamu Poyyaruga,509cf888-d315-463b-b7fe-7b02543ba2ad,library_and_test_source,ae2b69d9136ff128797e97bf78029abe
carnatic_131_Koluvaiyunnade,carnatic,131_Koluvaiyunnade,/Users/prita/Desktop/Audio Fingerprinting/afp_bench/data/mirdata/saraga_carnatic/saraga1.5_carnatic/Modhumudi Sudhakar at Arkay by Modhumudi Sudhakar/Koluvaiyunnade/Koluvaiyunnade.mp3.mp3,302.512,44100,2,Dēvagāndhāri,Ādi,Modhumudi Sudhakar,Koluvaiyunnade,bda97d7a-0ccf-4a24-875c-e54e90398c1d,library_and_test_source,f88c398c5d5b6b4e76541eb96da7d019
carnatic_132_Entha_Muddo,carnatic,132_Entha_Muddo,/Users/prita/Desktop/Audio Fingerprinting/afp_bench/data/mirdata/saraga_carnatic/saraga1.5_carnatic/Modhumudi Sudhakar at Arkay by Modhumudi Sudhakar/Entha Muddo/Entha Muddo.mp3.mp3,441.823,44100,2,,Ādi,Modhumudi Sudhakar,Enta Muddu,6dabe51b-0e8e-41ee-8257-52ab305a5539,library_only,4eb2f180ebe83e7636485b8c46fbe5c2
carnatic_133_Paramatmudu,carnatic,133_Paramatmudu,/Users/prita/Desktop/Audio Fingerprinting/afp_bench/data/mirdata/saraga_carnatic/saraga1.5_carnatic/Modhumudi Sudhakar at Arkay by Modhumudi Sudhakar/Paramatmudu/Paramatmudu.mp3.mp3,892.775,44100,2,Vāgadīśvari,Ādi,Modhumudi Sudhakar,Paramathmudu,e75fefae-7bd5-4d74-aa53-35e6bd48e102,library_and_test_source,d315120637f3e5d70ff66234be5799c0
carnatic_134_Giriraja_Suta,carnatic,134_Giriraja_Suta,/Users/prita/Desktop/Audio Fingerprinting/afp_bench/data/mirdata/saraga_carnatic/saraga1.5_carnatic/Modhumudi Sudhakar at Arkay by Modhumudi Sudhakar/Giriraja Suta/Giriraja Suta.mp3.mp3,187.495,44100,2,,Ādi,Modhumudi Sudhakar,Giriraja suta tanaya sadaya,ffecc2ad-8e6c-4474-9f4f-39ca64876187,library_only,0c5dbecd5b91a6ee5cddea6eb4d758fa
carnatic_135_Paraloka_Bhaya,carnatic,135_Paraloka_Bhaya,/Users/prita/Desktop/Audio Fingerprinting/afp_bench/data/mirdata/saraga_carnatic/saraga1.5_carnatic/Modhumudi Sudhakar at Arkay by Modhumudi Sudhakar/Paraloka Bhaya/Paraloka Bhaya.mp3.mp3,471.838,44100,2,Mandāri,Ādi,Modhumudi Sudhakar,Paraloka Bhayamu,8d58f207-c8e4-4e31-b1a7-75c579256619,library_and_test_source,d507d5892c4564b98abbc2e472d0ea1d
carnatic_136_Dudukugala,carnatic,136_Dudukugala,/Users/prita/Desktop/Audio Fingerprinting/afp_bench/data/mirdata/saraga_carnatic/saraga1.5_carnatic/Modhumudi Sudhakar at Arkay by Modhumudi Sudhakar/Dudukugala/Dudukugala.mp3.mp3,801.738,44100,2,Gauḷa,Ādi,Modhumudi Sudhakar,Duduku Gala,9090958b-6221-4d55-8857-f3306a5308cc,library_and_test_source,618c5237bf03e79c21e8de1eb45ce6d0
carnatic_137_Telisi_Rama,carnatic,137_Telisi_Rama,/Users/prita/Desktop/Audio Fingerprinting/afp_bench/data/mirdata/saraga_carnatic/saraga1.5_carnatic/Modhumudi Sudhakar at Arkay by Modhumudi Sudhakar/Telisi Rama/Telisi Rama.mp3.mp3,277.461,44100,2,Pūrṇacandrika,Ādi,Modhumudi Sudhakar,Telisi Rama,b6ebeaf1-6bd9-429c-86af-123d13805648,library_only,0e19442cfa6235e88692823996453e00
carnatic_138_Eramuni,carnatic,138_Eramuni,/Users/prita/Desktop/Audio Fingerprinting/afp_bench/data/mirdata/saraga_carnatic/saraga1.5_carnatic/Modhumudi Sudhakar at Arkay by Modhumudi Sudhakar/Eramuni/Eramuni.mp3.mp3,1325.702,44100,2,Vakuḷābharaṇaṁ,Miśra chāpu,Modhumudi Sudhakar,Eramuni Nammitino,71a9edce-af6e-475d-afa3-07a4529669b5,library_and_test_source,e3a0071b5b9e7acde012d1e6002ba281
carnatic_139_Mangalam_Avanisutanatha,carnatic,139_Mangalam_Avanisutanatha,/Users/prita/Desktop/Audio Fingerprinting/afp_bench/data/mirdata/saraga_carnatic/saraga1.5_carnatic/Modhumudi Sudhakar at Arkay by Modhumudi Sudhakar/Mangalam Avanisutanatha/Mangalam Avanisutanatha.mp3.mp3,123.077,44100,2,Nādanāmakriya,Ādi,Modhumudi Sudhakar,Avani suta natha,b4ec9ea4-d7be-4bdb-b31b-6ecd80f2ac38,library_and_test_source,9f7577f851278b758bf705ccb43fe57c
carnatic_140_Edari_Sancharintura,carnatic,140_Edari_Sancharintura,/Users/prita/Desktop/Audio Fingerprinting/afp_bench/data/mirdata/saraga_carnatic/saraga1.5_carnatic/Modhumudi Sudhakar at Arkay by Modhumudi Sudhakar/Edari Sancharintura/Edari Sancharintura.mp3.mp3,310.584,44100,2,,Ādi,Modhumudi Sudhakar,E Dari Sancharintura,f4c0d033-11c8-4253-a095-ecd003336d9e,library_only,413fcd01b50f511e17de401937acce15
carnatic_141_Rama_Namam_Bhajare,carnatic,141_Rama_Namam_Bhajare,/Users/prita/Desktop/Audio Fingerprinting/afp_bench/data/mirdata/saraga_carnatic/saraga1.5_carnatic/Modhumudi Sudhakar at Arkay by Modhumudi Sudhakar/Rama Namam Bhajare/Rama Namam Bhajare.mp3.mp3,208.55,44100,2,Madhyamāvati,Ādi,Modhumudi Sudhakar,Rama Namam Bhajare,b112e223-7f39-400e-a30a-4ac3c95f1837,library_only,3a50ad84538e16a0a8e671c9e64374c5
carnatic_142_Shobillu_Saptasvara,carnatic,142_Shobillu_Saptasvara,/Users/prita/Desktop/Audio Fingerprinting/afp_bench/data/mirdata/saraga_carnatic/saraga1.5_carnatic/Modhumudi Sudhakar at Arkay by Modhumudi Sudhakar/Shobillu Saptasvara/Shobillu Saptasvara.mp3.mp3,717.415,44100,2,Jaganmōhini,Rūpaka,Modhumudi Sudhakar,Sobhillu Sapthaswara,f26b0cbe-9d79-410b-b98e-10e5eeda0bf4,library_and_test_source,950d99fa2fc28948605db1746d5a3bcd
carnatic_143_Sundari_Nee_Divya,carnatic,143_Sundari_Nee_Divya,/Users/prita/Desktop/Audio Fingerprinting/afp_bench/data/mirdata/saraga_carnatic/saraga1.5_carnatic/Modhumudi Sudhakar at Arkay by Modhumudi Sudhakar/Sundari Nee Divya/Sundari Nee Divya.mp3.mp3,1509.787,44100,2,Kalyāṇi,Ādi,Modhumudi Sudhakar,Sundari Nee Divya,d6cc320e-b926-4590-b378-96b50c254223,library_only,ed94a52c796e238bd8cd699016403681
carnatic_144_Vinakayunna_Della,carnatic,144_Vinakayunna_Della,/Users/prita/Desktop/Audio Fingerprinting/afp_bench/data/mirdata/saraga_carnatic/saraga1.5_carnatic/Vidya Subramanian at Arkay by Vidya Subramanian/Vinakayunna Della/Vinakayunna Della.mp3.mp3,1161.263,44100,2,,,Vidya Subramanian,,,library_only,5c41c3ec0b148c7c0d04282cc6f2b447
carnatic_145_Janakipathe,carnatic,145_Janakipathe,/Users/prita/Desktop/Audio Fingerprinting/afp_bench/data/mirdata/saraga_carnatic/saraga1.5_carnatic/Vidya Subramanian at Arkay by Vidya Subramanian/Janakipathe/Janakipathe.mp3.mp3,1803.572,44100,2,,,Vidya Subramanian,Janakipathe Jaya,8927d020-9b43-447c-964e-970ca702bc21,library_only,7aacb382c1517069641797cbfed58596
carnatic_146_Shri_Guruguhasya,carnatic,146_Shri_Guruguhasya,/Users/prita/Desktop/Audio Fingerprinting/afp_bench/data/mirdata/saraga_carnatic/saraga1.5_carnatic/Vidya Subramanian at Arkay by Vidya Subramanian/Shri Guruguhasya/Shri Guruguhasya.mp3.mp3,241.56,44100,2,,,Vidya Subramanian,Sri Guruguhasya,377505f2-f0c2-4fe3-8aa0-58555f1a0241,library_only,8a2650244bcd76bbac52c298385d31b4
carnatic_147_Jootamu_Rare,carnatic,147_Jootamu_Rare,/Users/prita/Desktop/Audio Fingerprinting/afp_bench/data/mirdata/saraga_carnatic/saraga1.5_carnatic/Vidya Subramanian at Arkay by Vidya Subramanian/Jootamu Rare/Jootamu Rare.mp3.mp3,423.516,44100,2,,,Vidya Subramanian,,,library_only,cf6d1c258d3b95bd88f8efbfdacc30c9
carnatic_148_Thanaithilam_Kattrerumai,carnatic,148_Thanaithilam_Kattrerumai,/Users/prita/Desktop/Audio Fingerprinting/afp_bench/data/mirdata/saraga_carnatic/saraga1.5_carnatic/Vidya Subramanian at Arkay by Vidya Subramanian/Thanaithilam Kattrerumai/Thanaithilam Kattrerumai.mp3.mp3,629.721,44100,2,,,Vidya Subramanian,,,library_only,6d745fd540cbe383d4356b373c7d1e96
carnatic_149_Kanakangaka_Guha,carnatic,149_Kanakangaka_Guha,/Users/prita/Desktop/Audio Fingerprinting/afp_bench/data/mirdata/saraga_carnatic/saraga1.5_carnatic/Vidya Subramanian at Arkay by Vidya Subramanian/Kanakangaka Guha/Kanakangaka Guha.mp3.mp3,275.978,44100,2,,,Vidya Subramanian,,,library_only,122a45dd19f42181d7d75f7b9506cd57
carnatic_150_Shloka,carnatic,150_Shloka,/Users/prita/Desktop/Audio Fingerprinting/afp_bench/data/mirdata/saraga_carnatic/saraga1.5_carnatic/Vidya Subramanian at Arkay by Vidya Subramanian/Shloka/Shloka.mp3.mp3,33.238,44100,2,,,Vidya Subramanian,,,library_only,7329a4f6b6ecd268e8fcebeecdf5d723
carnatic_151_Thillana_Hameerkalyani,carnatic,151_Thillana_Hameerkalyani,/Users/prita/Desktop/Audio Fingerprinting/afp_bench/data/mirdata/saraga_carnatic/saraga1.5_carnatic/Vidya Subramanian at Arkay by Vidya Subramanian/Thillana Hameerkalyani/Thillana Hameerkalyani.mp3.mp3,426.409,44100,2,,,Vidya Subramanian,,,library_only,5466ee6fe94114e906d450261b007b54
carnatic_152_Vanajakshi_-_Varnam,carnatic,152_Vanajakshi_-_Varnam,/Users/prita/Desktop/Audio Fingerprinting/afp_bench/data/mirdata/saraga_carnatic/saraga1.5_carnatic/Sanjay at Sastri Hall by Sanjay Subrahmanyan/Vanajakshi - Varnam/Sanjay Subrahmanyan - Vanajakshi - Varnam.mp3,561.92,44100,2,Kalyāṇi,Aṭṭa,Sanjay Subrahmanyan,Vanajakshi,fc6d0917-c2c0-4e8e-a333-86ede869a9c7,library_only,89a14d97a8c9b2779aa5d290561a0db2
carnatic_153_Teerthakarayinile,carnatic,153_Teerthakarayinile,/Users/prita/Desktop/Audio Fingerprinting/afp_bench/data/mirdata/saraga_carnatic/saraga1.5_carnatic/Sanjay at Sastri Hall by Sanjay Subrahmanyan/Teerthakarayinile/Sanjay Subrahmanyan - Teerthakarayinile.mp3,110.989,44100,2,,,Sanjay Subrahmanyan,Teertha Karaiyinile,c6d860c7-d031-4c23-9553-9847a12fc471,library_only,091cdd49ae17218f7892c40a8b15d91a
carnatic_154_Innamum_Oru_thalam,carnatic,154_Innamum_Oru_thalam,/Users/prita/Desktop/Audio Fingerprinting/afp_bench/data/mirdata/saraga_carnatic/saraga1.5_carnatic/Sanjay at Sastri Hall by Sanjay Subrahmanyan/Innamum Oru thalam/Sanjay Subrahmanyan - Innamum Oru thalam.mp3,302.88,44100,2,Behāg,Ādi,Sanjay Subrahmanyan,Innamum Oru Thalam,2d62bebf-3952-4dfc-9d27-ddceacbd8eb7,library_only,ff3070b2edcadab13ac5541ab4faba5e
carnatic_155_Nadopasana,carnatic,155_Nadopasana,/Users/prita/Desktop/Audio Fingerprinting/afp_bench/data/mirdata/saraga_carnatic/saraga1.5_carnatic/Sanjay at Sastri Hall by Sanjay Subrahmanyan/Nadopasana/Sanjay Subrahmanyan - Nadopasana.mp3,528.0,44100,2,Bēgaḍa,Ādi,Sanjay Subrahmanyan,Nadopasana,fc1469a0-8408-4268-b1c9-c58c534ae5d4,library_only,5fdf8242085c7414b481563654121e10
carnatic_156_Ganta_mani_aadudhu,carnatic,156_Ganta_mani_aadudhu,/Users/prita/Desktop/Audio Fingerprinting/afp_bench/data/mirdata/saraga_carnatic/saraga1.5_carnatic/Sanjay at Sastri Hall by Sanjay Subrahmanyan/Ganta mani aadudhu/Sanjay Subrahmanyan - Ganta mani aadudhu.mp3,243.627,44100,2,Kānaḍa,Ādi,Sanjay Subrahmanyan,Gantamani Aadudhey,e5148282-8966-4c41-a7fe-66b7f3ef138f,library_only,158fdec6d5c6522a3f04184b578006e5
carnatic_157_Janani,carnatic,157_Janani,/Users/prita/Desktop/Audio Fingerprinting/afp_bench/data/mirdata/saraga_carnatic/saraga1.5_carnatic/Sanjay at Sastri Hall by Sanjay Subrahmanyan/Janani/Sanjay Subrahmanyan - Janani.mp3,1741.026,44100,2,Rītigauḷa,Miśra chāpu,Sanjay Subrahmanyan,Janani Ninnuvina,c9c86e19-a5b8-41f9-be4d-bf6327e30888,library_only,67a6494135d6cb4723922849d4bd117a
carnatic_158_Oorilen_Kaani_Illai,carnatic,158_Oorilen_Kaani_Illai,/Users/prita/Desktop/Audio Fingerprinting/afp_bench/data/mirdata/saraga_carnatic/saraga1.5_carnatic/Sanjay at Sastri Hall by Sanjay Subrahmanyan/Oorilen Kaani Illai/Sanjay Subrahmanyan - Oorilen Kaani Illai.mp3,48.054,44100,2,Behāg,Ādi,Sanjay Subrahmanyan,Oorilen Kaani Illai,3d65c473-5147-4073-a607-fbf140df51a6,library_only,74513ad993b89b0f39493ddb2e97bf97
carnatic_159_Ramakrishnaru_Manaegae,carnatic,159_Ramakrishnaru_Manaegae,/Users/prita/Desktop/Audio Fingerprinting/afp_bench/data/mirdata/saraga_carnatic/saraga1.5_carnatic/Sanjay at Sastri Hall by Sanjay Subrahmanyan/Ramakrishnaru Manaegae/Sanjay Subrahmanyan - Ramakrishnaru Manaegae.mp3,363.409,44100,2,Tillāng,Miśra chāpu,Sanjay Subrahmanyan,Ramakrishnaru Managae,0c23891d-de7a-4f2c-aecf-d34a902fc745,library_and_test_source,675f4c866535147ff422e4fd5693c68d
carnatic_160_Uppum_karpuramum,carnatic,160_Uppum_karpuramum,/Users/prita/Desktop/Audio Fingerprinting/afp_bench/data/mirdata/saraga_carnatic/saraga1.5_carnatic/Sanjay at Sastri Hall by Sanjay Subrahmanyan/Uppum karpuramum/Sanjay Subrahmanyan - Uppum karpuramum.mp3,92.88,44100,2,Kānaḍa,Ādi,Sanjay Subrahmanyan,Uppum Karpooramum,9ebf273f-1fc0-45bd-8ebc-af043e645d7f,library_and_test_source,280bc82d8496d99c5a6f28e813e5f2a5
carnatic_161_Chalamelara_Saketha_Rama,carnatic,161_Chalamelara_Saketha_Rama,/Users/prita/Desktop/Audio Fingerprinting/afp_bench/data/mirdata/saraga_carnatic/saraga1.5_carnatic/Sanjay at Sastri Hall by Sanjay Subrahmanyan/Chalamelara Saketha Rama/Sanjay Subrahmanyan - Chalamelara Saketha Rama.mp3,232.587,44100,2,Mārgahindōḷaṁ,Ādi,Sanjay Subrahmanyan,Chalamelara Saketa,4c577029-31fe-4b15-8f50-d7d280d07ca0,library_and_test_source,f03ce19c10d6c56b2da1e38b80e8f65b
carnatic_162_Kalilo_Hari_Smrana,carnatic,162_Kalilo_Hari_Smrana,/Users/prita/Desktop/Audio Fingerprinting/afp_bench/data/mirdata/saraga_carnatic/saraga1.5_carnatic/Sanjay at Sastri Hall by Sanjay Subrahmanyan/Kalilo Hari Smrana/Sanjay Subrahmanyan - Kalilo Hari Smrana.mp3,170.16,44100,2,Kāpi,Ādi,Sanjay Subrahmanyan,Kalilo Hari Smaranam,371a4821-772f-43f5-8062-9f936b4df254,library_and_test_source,d4f0cbb8d9752c6c5e8af3ffb6b5b4b0
carnatic_163_Ninnaiye_rathi,carnatic,163_Ninnaiye_rathi,/Users/prita/Desktop/Audio Fingerprinting/afp_bench/data/mirdata/saraga_carnatic/saraga1.5_carnatic/Sanjay at Sastri Hall by Sanjay Subrahmanyan/Ninnaiye rathi/Sanjay Subrahmanyan - Ninnaiye rathi.mp3,363.159,44100,2,Bāgēśrī,Ādi,Sanjay Subrahmanyan,Ninnaye,5f61c48f-e816-4745-bec5-5fe393cd65b2,library_and_test_source,245c80df52055add00227e6d7f4100c4
carnatic_164_Mangalam,carnatic,164_Mangalam,/Users/prita/Desktop/Audio Fingerprinting/afp_bench/data/mirdata/saraga_carnatic/saraga1.5_carnatic/Sanjay at Sastri Hall by Sanjay Subrahmanyan/Mangalam/Sanjay Subrahmanyan - Mangalam.mp3,62.373,44100,2,Saurāṣtraṁ,Ādi,Sanjay Subrahmanyan,Pavamana Suthudu,325a7de3-1cc2-42c5-b34f-a9c5a38301c8,library_only,b5b6ada28309f37ed8237de3abb27d21
carnatic_165_Deenarakshaka,carnatic,165_Deenarakshaka,/Users/prita/Desktop/Audio Fingerprinting/afp_bench/data/mirdata/saraga_carnatic/saraga1.5_carnatic/Sanjay at Sastri Hall by Sanjay Subrahmanyan/Deenarakshaka/Sanjay Subrahmanyan - Deenarakshaka.mp3,922.932,44100,2,Āhiri,Rūpaka,Sanjay Subrahmanyan,Deenarakshaka,43b79ca0-4ff0-43d4-ae21-29ff284a5284,library_and_test_source,1c498de3f2791204b220f66701d14c11
carnatic_166_O_Rangashayee,carnatic,166_O_Rangashayee,/Users/prita/Desktop/Audio Fingerprinting/afp_bench/data/mirdata/saraga_carnatic/saraga1.5_carnatic/Sanjay at Sastri Hall by Sanjay Subrahmanyan/O Rangashayee/Sanjay Subrahmanyan - O Rangashayee.mp3,3783.802,44100,2,Kāṁbhōji,Ādi,Sanjay Subrahmanyan,O Rangashayee,b5b002a9-cf58-445e-b347-a513f3d5b8a6,library_only,3b8ff8f1523c02a3b785f9d4c8377c8f
carnatic_167_Sama_geeta_priyan,carnatic,167_Sama_geeta_priyan,/Users/prita/Desktop/Audio Fingerprinting/afp_bench/data/mirdata/saraga_carnatic/saraga1.5_carnatic/Sanjay at Sastri Hall by Sanjay Subrahmanyan/Sama geeta priyan/Sanjay Subrahmanyan - Sama geeta priyan.mp3,745.64,44100,2,Gauḷa,Ādi,Sanjay Subrahmanyan,Sama Geeta Priyan,5f017fe3-b7f6-42c7-a5aa-1f5959370b5e,library_only,fc22e4c728a353e060509eb29d7cace8
carnatic_168_Karupuram_Naarumo,carnatic,168_Karupuram_Naarumo,/Users/prita/Desktop/Audio Fingerprinting/afp_bench/data/mirdata/saraga_carnatic/saraga1.5_carnatic/Sanjay at Sastri Hall by Sanjay Subrahmanyan/Karupuram Naarumo/Sanjay Subrahmanyan - Karupuram Naarumo.mp3,265.575,44100,2,Kamās,Khaṇḍa chāpu,Sanjay Subrahmanyan,Karpuram Naarumo,26507f39-1596-41be-91b8-5e444ae210f7,library_only,bfe8d04f4add3e6b08dd364c84a3607a
carnatic_169_Va_vela_va,carnatic,169_Va_vela_va,/Users/prita/Desktop/Audio Fingerprinting/afp_bench/data/mirdata/saraga_carnatic/saraga1.5_carnatic/Sanjay at Sastri Hall by Sanjay Subrahmanyan/Va vela va/Sanjay Subrahmanyan - Va vela va.mp3,646.752,44100,2,Tanarūpi,Khaṇḍa chāpu,Sanjay Subrahmanyan,Va Velava,ccba2879-6758-47b4-a354-c235214006b3,library_and_test_source,564db84e8e164e614ca595445443fa56
carnatic_170_Gange_Maam_Pahi,carnatic,170_Gange_Maam_Pahi,/Users/prita/Desktop/Audio Fingerprinting/afp_bench/data/mirdata/saraga_carnatic/saraga1.5_carnatic/Kuldeep Pai at Arkay by Kuldeep Pai/Gange Maam Pahi/Gange Maam Pahi.mp3.mp3,248.857,44100,2,,Khaṇḍa-jāti ēka,Kuldeep Pai,Gange Mampahi,0f0a4757-22e1-4de2-bcd1-08fe7bd0444e,library_only,72da786bdbb78fafeb75a8d7569ef50b
carnatic_171_Arul_Seya_Vendum_Ayya,carnatic,171_Arul_Seya_Vendum_Ayya,/Users/prita/Desktop/Audio Fingerprinting/afp_bench/data/mirdata/saraga_carnatic/saraga1.5_carnatic/Kuldeep Pai at Arkay by Kuldeep Pai/Arul Seya Vendum Ayya/Arul Seya Vendum Ayya.mp3.mp3,1589.879,44100,2,Rasikapriya,Ādi,Kuldeep Pai,Arul Seiya Vendum Ayya,71538a5a-4e0b-4fcd-b388-59ee8836147b,library_and_test_source,703416ab29276a91012af00854b13f73
carnatic_172_Kaalaharanamelara,carnatic,172_Kaalaharanamelara,/Users/prita/Desktop/Audio Fingerprinting/afp_bench/data/mirdata/saraga_carnatic/saraga1.5_carnatic/Kuldeep Pai at Arkay by Kuldeep Pai/Kaalaharanamelara/Kaalaharanamelara.mp3.mp3,793.64,44100,2,Śuddadhanyāsi,Rūpaka,Kuldeep Pai,Kalaharanamelara,9196ebc0-c2b5-4d94-a5cd-f1b7265644d4,library_only,95912894c21e449af8d17cdc1bc147f1
carnatic_173_Vasudeva_Sutam_Devam,carnatic,173_Vasudeva_Sutam_Devam,/Users/prita/Desktop/Audio Fingerprinting/afp_bench/data/mirdata/saraga_carnatic/saraga1.5_carnatic/Kuldeep Pai at Arkay by Kuldeep Pai/Vasudeva Sutam Devam/Vasudeva Sutam Devam.mp3.mp3,78.852,44100,2,,,Kuldeep Pai,Vasudeva Sutam Devam,8507d506-aa02-453b-9bba-905de2026c97,library_only,70370bd89bef794cbc4caba51aa46db8
carnatic_174_Brochevarevarura,carnatic,174_Brochevarevarura,/Users/prita/Desktop/Audio Fingerprinting/afp_bench/data/mirdata/saraga_carnatic/saraga1.5_carnatic/Kuldeep Pai at Arkay by Kuldeep Pai/Brochevarevarura/Brochevarevarura.mp3.mp3,581.813,44100,2,Kamās,Ādi,Kuldeep Pai,Brochevaarevaruraa Ninnuvina,7bd84f01-c4dd-486a-82c7-a67615aaac22,library_only,5059b7571fbda00ae9249cbcee2c9083
carnatic_175_Thappi_Bratikipova,carnatic,175_Thappi_Bratikipova,/Users/prita/Desktop/Audio Fingerprinting/afp_bench/data/mirdata/saraga_carnatic/saraga1.5_carnatic/Kuldeep Pai at Arkay by Kuldeep Pai/Thappi Bratikipova/Thappi Bratikipova.mp3.mp3,2235.835,44100,2,Tōḍi,Rūpaka,Kuldeep Pai,Thappi Bratikipova,897d156f-da68-4141-a8fc-7336d2bc8c19,library_only,e1a41c6092915b6be5921628e4396c32
carnatic_176_Krishna_Nee_Begane_Baaro,carnatic,176_Krishna_Nee_Begane_Baaro,/Users/prita/Desktop/Audio Fingerprinting/afp_bench/data/mirdata/saraga_carnatic/saraga1.5_carnatic/Kuldeep Pai at Arkay by Kuldeep Pai/Krishna Nee Begane Baaro/Krishna Nee Begane Baaro.mp3.mp3,348.2,44100,2,Yamuna kalyāṇi,Miśra chāpu,Kuldeep Pai,Krishna Nee Begane,b93f0646-1610-4a75-8774-c4d0aba95a9b,library_and_test_source,9d8ecb361728c69785bcc3f0aa43e36b
carnatic_177_Kari_Kalabha_Mukham,carnatic,177_Kari_Kalabha_Mukham,/Users/prita/Desktop/Audio Fingerprinting/afp_bench/data/mirdata/saraga_carnatic/saraga1.5_carnatic/Kuldeep Pai at Arkay by Kuldeep Pai/Kari Kalabha Mukham/Kari Kalabha Mukham.mp3.mp3,493.206,44100,2,Sāvēri,Rūpaka,Kuldeep Pai,Kari Kalabha Mukham,9e924961-a089-437c-b975-38675a5b0d07,library_only,e683f763b1b7530fbf4992a06da5c119
carnatic_178_Muruga_Muruga_Muruga,carnatic,178_Muruga_Muruga_Muruga,/Users/prita/Desktop/Audio Fingerprinting/afp_bench/data/mirdata/saraga_carnatic/saraga1.5_carnatic/V Shankarnarayanan at Arkay by V Shankaranarayanan/Muruga Muruga Muruga/Muruga Muruga Muruga.mp3.mp3,762.11,44100,2,Rāgamālika,Ādi,V. Shankaranarayanan,Muruga Muruga Muruga,80420c91-48dc-4337-892d-9e26e3112bc7,library_only,1395e3d2d87e8e9bf033b02bf121821d
carnatic_179_Chenduril_Nindradum_Kanda,carnatic,179_Chenduril_Nindradum_Kanda,/Users/prita/Desktop/Audio Fingerprinting/afp_bench/data/mirdata/saraga_carnatic/saraga1.5_carnatic/V Shankarnarayanan at Arkay by V Shankaranarayanan/Chenduril Nindradum Kanda/Chenduril Nindradum Kanda.mp3.mp3,322.992,44100,2,Mānḍu,Ādi,V. Shankaranarayanan,Tiruchenduril nindradum,82ac5f34-7f30-4f3c-a84e-52b105e117de,library_and_test_source,95da2375cda94882b144a51d1967c2ac
carnatic_180_Ninne_Bhajana,carnatic,180_Ninne_Bhajana,/Users/prita/Desktop/Audio Fingerprinting/afp_bench/data/mirdata/saraga_carnatic/saraga1.5_carnatic/V Shankarnarayanan at Arkay by V Shankaranarayanan/Ninne Bhajana/Ninne Bhajana.mp3.mp3,649.261,44100,2,Nāṭa,Ādi,V. Shankaranarayanan,Ninne Bhajana,50677926-ba65-4c72-b991-4328691ad0d2,library_only,725f085d3835f4b718f6f4f8df2e4d29
carnatic_181_Nera_Nammiti,carnatic,181_Nera_Nammiti,/Users/prita/Desktop/Audio Fingerprinting/afp_bench/data/mirdata/saraga_carnatic/saraga1.5_carnatic/V Shankarnarayanan at Arkay by V Shankaranarayanan/Nera Nammiti/Nera Nammiti.mp3.mp3,425.653,44100,2,Kānaḍa,Aṭṭa,V. Shankaranarayanan,Nera Nammiti,9dd812cd-6db9-4bf2-b13c-ff13b46200ed,library_only,c9ea867b3aa14165c10b171459561f8e
carnatic_182_Dinamani_Vamsa,carnatic,182_Dinamani_Vamsa,/Users/prita/Desktop/Audio Fingerprinting/afp_bench/data/mirdata/saraga_carnatic/saraga1.5_carnatic/V Shankarnarayanan at Arkay by V Shankaranarayanan/Dinamani Vamsa/Dinamani Vamsa.mp3.mp3,826.685,44100,2,Harikāmbhōji,Ādi,V. Shankaranarayanan,Dinamani Vamsha,19d7d202-6282-4463-9bbb-976a8d97f819,library_only,fb6e6fd72ed12b583ddf9e315965d325
carnatic_183_Chakkani_Raja,carnatic,183_Chakkani_Raja,/Users/prita/Desktop/Audio Fingerprinting/afp_bench/data/mirdata/saraga_carnatic/saraga1.5_carnatic/V Shankarnarayanan at Arkay by V Shankaranarayanan/Chakkani Raja/Chakkani Raja.mp3.mp3,3252.964,44100,2,Karaharapriya,Ādi,V. Shankaranarayanan,Chakkani Raja,9f0a9d69-75fa-463b-8d03-bf1f0353aba3,library_only,bbfa69f96251b56417cf4fb5697bd098
carnatic_184_Ardhanareeshwaram,carnatic,184_Ardhanareeshwaram,/Users/prita/Desktop/Audio Fingerprinting/afp_bench/data/mirdata/saraga_carnatic/saraga1.5_carnatic/V Shankarnarayanan at Arkay by V Shankaranarayanan/Ardhanareeshwaram/Ardhanareeshwaram.mp3.mp3,1744.21,44100,2,Kumudakriyā,Rūpaka,V. Shankaranarayanan,Ardhanarishwaram,869ce608-91dc-4667-a59a-2f2a3333e5fa,library_only,1b617eaa3248c4a42ee683d734bae124
carnatic_185_Pavamana_Suthudu_Pattu,carnatic,185_Pavamana_Suthudu_Pattu,/Users/prita/Desktop/Audio Fingerprinting/afp_bench/data/mirdata/saraga_carnatic/saraga1.5_carnatic/V Shankarnarayanan at Arkay by V Shankaranarayanan/Pavamana Suthudu Pattu/Pavamana Suthudu Pattu.mp3.mp3,57.588,44100,2,Saurāṣtraṁ,Ādi,V. Shankaranarayanan,Pavamana Suthudu,325a7de3-1cc2-42c5-b34f-a9c5a38301c8,library_only,1271a0eebca9a9b4ad1d3ea3ad5b6242
carnatic_186_Shloka,carnatic,186_Shloka,/Users/prita/Desktop/Audio Fingerprinting/afp_bench/data/mirdata/saraga_carnatic/saraga1.5_carnatic/V Shankarnarayanan at Arkay by V Shankaranarayanan/Shloka/Shloka.mp3.mp3,69.212,44100,2,Mōhanaṁ,,V. Shankaranarayanan,,,library_only,83d5ac735860d4470a1aae4158e9c3b6
carnatic_187_Aaniraimekkani,carnatic,187_Aaniraimekkani,/Users/prita/Desktop/Audio Fingerprinting/afp_bench/data/mirdata/saraga_carnatic/saraga1.5_carnatic/Sumithra Vasudev at Arkay by Sumithra Vasudev/Aaniraimekkani/Aaniraimekkani.mp3.mp3,287.1,44100,2,Rāgamālika,,Sumithra Vasudev,Aaniraimekkani (Viruttham),c1dfe4f0-7a05-4209-bfd6-6011b5a1e703,library_only,4da92ccdc327f16a9899b1b01ffc2103
carnatic_188_Vanajaksha_Ninne_Kori,carnatic,188_Vanajaksha_Ninne_Kori,/Users/prita/Desktop/Audio Fingerprinting/afp_bench/data/mirdata/saraga_carnatic/saraga1.5_carnatic/Sumithra Vasudev at Arkay by Sumithra Vasudev/Vanajaksha Ninne Kori/Vanajaksha Ninne Kori.mp3.mp3,517.082,44100,2,Rītigauḷa,Aṭṭa,Sumithra Vasudev,Vanajaksha,e5e9b230-c1b9-4a11-939f-356890fcdfdd,library_only,0043cee3eff2e3b27a1b89f31c0d9b53
carnatic_189_Karuninchutakidi,carnatic,189_Karuninchutakidi,/Users/prita/Desktop/Audio Fingerprinting/afp_bench/data/mirdata/saraga_carnatic/saraga1.5_carnatic/Sumithra Vasudev at Arkay by Sumithra Vasudev/Karuninchutakidi/Karuninchutakidi.mp3.mp3,131.41,44100,2,Sindhumandāri,Ādi,Sumithra Vasudev,Karuninchutakidi,b1178022-3dbf-412c-8220-cdb5e18a4d0d,library_and_test_source,b01d17526ccf0fe2f1a7cdb68f1faab3
carnatic_190_Va_Va_Brindavana,carnatic,190_Va_Va_Brindavana,/Users/prita/Desktop/Audio Fingerprinting/afp_bench/data/mirdata/saraga_carnatic/saraga1.5_carnatic/Sumithra Vasudev at Arkay by Sumithra Vasudev/Va Va Brindavana/Va Va Brindavana.mp3.mp3,222.708,44100,2,Sindhubhairavi,Khaṇḍa-jāti ēka,Sumithra Vasudev,Va Va Brindavana,8570d3aa-4d76-46fe-83f8-7697471f43a2,library_only,1df1eaf0f9a8dfc1458b9e9624b8a2dd
carnatic_191_Mati_Matiki,carnatic,191_Mati_Matiki,/Users/prita/Desktop/Audio Fingerprinting/afp_bench/data/mirdata/saraga_carnatic/saraga1.5_carnatic/Sumithra Vasudev at Arkay by Sumithra Vasudev/Mati Matiki/Mati Matiki.mp3.mp3,2596.847,44100,2,Mōhanaṁ,Miśra chāpu,Sumithra Vasudev,Mati Matiki,266f1f9b-9c77-4bc9-83fe-fbae3484a351,library_and_test_source,fb2b12f579c1644c83de4366d2c33e3c
carnatic_192_Sri_Guru_Na_Palitosmi,carnatic,192_Sri_Guru_Na_Palitosmi,/Users/prita/Desktop/Audio Fingerprinting/afp_bench/data/mirdata/saraga_carnatic/saraga1.5_carnatic/Sumithra Vasudev at Arkay by Sumithra Vasudev/Sri Guru Na Palitosmi/Sri Guru Na Palitosmi.mp3.mp3,347.312,44100,2,Pāḍi,Rūpaka,Sumithra Vasudev,Sri Guruna Palitosmi,a3b2e71f-31b7-4ff6-a89a-84b4ee90172b,library_and_test_source,d85b00890093e802770542cb04506b3c
carnatic_193_Thoomani_Madatthu,carnatic,193_Thoomani_Madatthu,/Users/prita/Desktop/Audio Fingerprinting/afp_bench/data/mirdata/saraga_carnatic/saraga1.5_carnatic/Sumithra Vasudev at Arkay by Sumithra Vasudev/Thoomani Madatthu/Thoomani Madatthu.mp3.mp3,271.897,44100,2,Hamīr kaḷyaṇi,Ādi,Sumithra Vasudev,Thoomani Madatthu,64d94339-1985-47d3-a4fb-927406474e22,library_and_test_source,0719d95cf9e3e760f7a08d296fef9b69
carnatic_194_Ramabhi_Rama_Manasu,carnatic,194_Ramabhi_Rama_Manasu,/Users/prita/Desktop/Audio Fingerprinting/afp_bench/data/mirdata/saraga_carnatic/saraga1.5_carnatic/Sumithra Vasudev at Arkay by Sumithra Vasudev/Ramabhi Rama Manasu/Ramabhi Rama Manasu.mp3.mp3,2092.762,44100,2,Dhanyāsi,Ādi,Sumithra Vasudev,Ramabhirama Manasu,ac50f016-2c6a-4f00-8c96-df1ba616fbd7,library_and_test_source,48acea137e6961cd25bc67acb2a806c6
carnatic_195_Mangalam_Kosalendraya,carnatic,195_Mangalam_Kosalendraya,/Users/prita/Desktop/Audio Fingerprinting/afp_bench/data/mirdata/saraga_carnatic/saraga1.5_carnatic/Sumithra Vasudev at Arkay by Sumithra Vasudev/Mangalam Kosalendraya/Mangalam Kosalendraya.mp3.mp3,30.473,44100,2,Suraṭi,,Sumithra Vasudev,Kosalendraya,b9dee23c-a449-40ff-bffd-230262eed561,library_only,cafb2e0ea9b535f57a58e734bd14f365
carnatic_196_Sri_Vidhya_Rajagopala,carnatic,196_Sri_Vidhya_Rajagopala,/Users/prita/Desktop/Audio Fingerprinting/afp_bench/data/mirdata/saraga_carnatic/saraga1.5_carnatic/Sumithra Vasudev at Arkay by Sumithra Vasudev/Sri Vidhya Rajagopala/Sri Vidhya Rajagopala.mp3.mp3,266.672,44100,2,Jaganmōhini,Tiśra-jāti ēka,Sumithra Vasudev,Sri Vidya Rajagopalam,166b2c9a-538a-436c-9a68-1a32418767c6,library_only,82167460538e1da9075b1cd8fcfe33e9
carnatic_197_Shloka_Sri_Ramachandra_Shrita_Parijata,carnatic,197_Shloka_Sri_Ramachandra_Shrita_Parijata,/Users/prita/Desktop/Audio Fingerprinting/afp_bench/data/mirdata/saraga_carnatic/saraga1.5_carnatic/A V K Rajasimhan at Arkay by Angarai V K Rajasimhan/Shloka Sri Ramachandra Shrita Parijata/Shloka Sri Ramachandra Shrita Parijata.mp3.mp3,27.683,44100,2,,,Angarai V K Rajasimhan,,,library_only,bdae760d7836b1c4392dc35c21e3e971
carnatic_198_Nera_Nammiti,carnatic,198_Nera_Nammiti,/Users/prita/Desktop/Audio Fingerprinting/afp_bench/data/mirdata/saraga_carnatic/saraga1.5_carnatic/A V K Rajasimhan at Arkay by Angarai V K Rajasimhan/Nera Nammiti/Nera Nammiti.mp3.mp3,548.633,44100,2,,,Angarai V K Rajasimhan,Nera Nammiti,9dd812cd-6db9-4bf2-b13c-ff13b46200ed,library_only,255e62e7e5870e01b4d0855b55e8a018
carnatic_199_Sri_Kantimatim,carnatic,199_Sri_Kantimatim,/Users/prita/Desktop/Audio Fingerprinting/afp_bench/data/mirdata/saraga_carnatic/saraga1.5_carnatic/A V K Rajasimhan at Arkay by Angarai V K Rajasimhan/Sri Kantimatim/Sri Kantimatim.mp3.mp3,4314.565,44100,2,,,Angarai V K Rajasimhan,Sri Kanthimathim,377dd85d-9837-4a0e-b6b3-0a0931fcbdfe,library_only,a32e9b31d3f54e16e5a267da77ff2889
carnatic_200_Athirum_Kazhal,carnatic,200_Athirum_Kazhal,/Users/prita/Desktop/Audio Fingerprinting/afp_bench/data/mirdata/saraga_carnatic/saraga1.5_carnatic/A V K Rajasimhan at Arkay by Angarai V K Rajasimhan/Athirum Kazhal/Athirum Kazhal.mp3.mp3,107.599,44100,2,,,Angarai V K Rajasimhan,,,library_only,6add5d3d1df2c9f06f47cd8a41937c42
carnatic_201_Siva_Siva_Siva_Yenarada,carnatic,201_Siva_Siva_Siva_Yenarada,/Users/prita/Desktop/Audio Fingerprinting/afp_bench/data/mirdata/saraga_carnatic/saraga1.5_carnatic/A V K Rajasimhan at Arkay by Angarai V K Rajasimhan/Siva Siva Siva Yenarada/Siva Siva Siva Yenarada.mp3.mp3,1170.535,44100,2,,,Angarai V K Rajasimhan,Siva Siva Siva,11e3b344-4a68-4e58-9db8-72c926ad237d,library_only,505cff04d4d4edfab7a59acc40484271
carnatic_202_Kanukontini,carnatic,202_Kanukontini,/Users/prita/Desktop/Audio Fingerprinting/afp_bench/data/mirdata/saraga_carnatic/saraga1.5_carnatic/A V K Rajasimhan at Arkay by Angarai V K Rajasimhan/Kanukontini/Kanukontini.mp3.mp3,202.429,44100,2,,,Angarai V K Rajasimhan,,,library_only,98a2f847486c88278fc38ff7a2eae66e
carnatic_203_Sami_Dayajuda,carnatic,203_Sami_Dayajuda,/Users/prita/Desktop/Audio Fingerprinting/afp_bench/data/mirdata/saraga_carnatic/saraga1.5_carnatic/Manda Sudharani at Arkay by Manda Sudharani/Sami Dayajuda/Sami Dayajuda.mp3.mp3,447.385,44100,2,,,Manda Sudharani,,,library_only,84b6f8490aa39de8e8cc65a5e4c66967
carnatic_204_Giriraja_Suta,carnatic,204_Giriraja_Suta,/Users/prita/Desktop/Audio Fingerprinting/afp_bench/data/mirdata/saraga_carnatic/saraga1.5_carnatic/Manda Sudharani at Arkay by Manda Sudharani/Giriraja Suta/Giriraja Suta.mp3.mp3,341.584,44100,2,,,Manda Sudharani,Giriraja suta tanaya sadaya,ffecc2ad-8e6c-4474-9f4f-39ca64876187,library_only,f6ddc1fc7783ae45a84f03740970f6c0
carnatic_205_Ananda_Sagara,carnatic,205_Ananda_Sagara,/Users/prita/Desktop/Audio Fingerprinting/afp_bench/data/mirdata/saraga_carnatic/saraga1.5_carnatic/Manda Sudharani at Arkay by Manda Sudharani/Ananda Sagara/Ananda Sagara.mp3.mp3,226.367,44100,2,,,Manda Sudharani,,,library_only,bdae26e6bfc3b6c961cb1e2fac5cb367
carnatic_206_Bayarani_Bhalite,carnatic,206_Bayarani_Bhalite,/Users/prita/Desktop/Audio Fingerprinting/afp_bench/data/mirdata/saraga_carnatic/saraga1.5_carnatic/Manda Sudharani at Arkay by Manda Sudharani/Bayarani Bhalite/Bayarani Bhalite.mp3.mp3,301.533,44100,2,,,Manda Sudharani,,,library_only,485ea527b9aa0b2acf6c7bea3d61e4de
carnatic_207_Enta_Bhagyamu,carnatic,207_Enta_Bhagyamu,/Users/prita/Desktop/Audio Fingerprinting/afp_bench/data/mirdata/saraga_carnatic/saraga1.5_carnatic/Manda Sudharani at Arkay by Manda Sudharani/Enta Bhagyamu/Enta Bhagyamu.mp3.mp3,391.083,44100,2,,,Manda Sudharani,Enta bhagyamu,6bf290e1-9cdf-49e8-937a-582e5b177202,library_only,488ea6d73ced3935d75463b8d2e9c589
carnatic_208_Budham_Aashrayami,carnatic,208_Budham_Aashrayami,/Users/prita/Desktop/Audio Fingerprinting/afp_bench/data/mirdata/saraga_carnatic/saraga1.5_carnatic/Manda Sudharani at Arkay by Manda Sudharani/Budham Aashrayami/Budham Aashrayami.mp3.mp3,1140.697,44100,2,,,Manda Sudharani,Budhamashrayami,0bc6563d-245b-44a0-b611-a23b74367db5,library_and_test_source,c220ddeef9c70388b4cd526009f9670a
carnatic_209_Parama_Pavana_Rama,carnatic,209_Parama_Pavana_Rama,/Users/prita/Desktop/Audio Fingerprinting/afp_bench/data/mirdata/saraga_carnatic/saraga1.5_carnatic/Manda Sudharani at Arkay by Manda Sudharani/Parama Pavana Rama/Parama Pavana Rama.mp3.mp3,2276.102,44100,2,,,Manda Sudharani,Paramapavana Rama,a4de650a-1146-47dd-9bcb-3d3ad4ab449a,library_only,39c05e749766d2d29a43fc3ffb5b21d8
carnatic_210_Pavamana_Suthudu_Mangalam,carnatic,210_Pavamana_Suthudu_Mangalam,/Users/prita/Desktop/Audio Fingerprinting/afp_bench/data/mirdata/saraga_carnatic/saraga1.5_carnatic/Manda Sudharani at Arkay by Manda Sudharani/Pavamana Suthudu Mangalam/Pavamana Suthudu Mangalam.mp3.mp3,57.451,44100,2,,,Manda Sudharani,Pavamana Suthudu,325a7de3-1cc2-42c5-b34f-a9c5a38301c8,library_only,0c07ecfb772f3e135a471aefc9dd7ca0
carnatic_211_Thillana_Rageshri,carnatic,211_Thillana_Rageshri,/Users/prita/Desktop/Audio Fingerprinting/afp_bench/data/mirdata/saraga_carnatic/saraga1.5_carnatic/Manda Sudharani at Arkay by Manda Sudharani/Thillana Rageshri/Thillana Rageshri.mp3.mp3,343.334,44100,2,,,Manda Sudharani,,,library_only,da0d98483ab658dcadd0309326303903
carnatic_212_RTP_Andholika,carnatic,212_RTP_Andholika,/Users/prita/Desktop/Audio Fingerprinting/afp_bench/data/mirdata/saraga_carnatic/saraga1.5_carnatic/Manda Sudharani at Arkay by Manda Sudharani/RTP Andholika/RTP Andholika.mp3.mp3,2332.524,44100,2,,,Manda Sudharani,,,library_only,7fee12e5af371dffab621900088f541e
carnatic_213_Sarasamukhi_Sakala,carnatic,213_Sarasamukhi_Sakala,/Users/prita/Desktop/Audio Fingerprinting/afp_bench/data/mirdata/saraga_carnatic/saraga1.5_carnatic/Manda Sudharani at Arkay by Manda Sudharani/Sarasamukhi Sakala/Sarasamukhi Sakala.mp3.mp3,266.956,44100,2,,,Manda Sudharani,Sarasamukhi,6757f35a-3a70-4b5c-b3ab-14040e7c60cd,library_only,33b834ad0f9c911e82ccf9424876b30f
carnatic_214_Parvathi_Ninu_Ne_Nera_Nammithi,carnatic,214_Parvathi_Ninu_Ne_Nera_Nammithi,/Users/prita/Desktop/Audio Fingerprinting/afp_bench/data/mirdata/saraga_carnatic/saraga1.5_carnatic/Srividya Janakiraman at Arkay by Srividya Janakiraman/Parvathi Ninu Ne Nera Nammithi/Parvathi Ninu Ne Nera Nammithi.mp3.mp3,260.194,44100,2,Kalgaḍa,Ādi,Srividya Janakiraman,Parvathi Ninnu,4dba49fc-19ac-421e-b45b-1716843a50dc,library_only,6d70d1b03bd395eff878563e4353108b
carnatic_215_Nee_Sari_evvaramma,carnatic,215_Nee_Sari_evvaramma,/Users/prita/Desktop/Audio Fingerprinting/afp_bench/data/mirdata/saraga_carnatic/saraga1.5_carnatic/Srividya Janakiraman at Arkay by Srividya Janakiraman/Nee Sari evvaramma/Nee Sari evvaramma.mp3.mp3,3161.144,44100,2,Bhairavi,,Srividya Janakiraman,Nee Sari evvaramma,24d96d11-0733-4d20-a2f8-9576f0c6a949,library_only,d32690dd323c007a5e2e22ea1faf7234
carnatic_216_Jaya_Jaya_Janaki_Kantha,carnatic,216_Jaya_Jaya_Janaki_Kantha,/Users/prita/Desktop/Audio Fingerprinting/afp_bench/data/mirdata/saraga_carnatic/saraga1.5_carnatic/Srividya Janakiraman at Arkay by Srividya Janakiraman/Jaya Jaya Janaki Kantha/Jaya Jaya Janaki Kantha.mp3.mp3,600.099,44100,2,Nāṭa,Khaṇḍa chāpu,Srividya Janakiraman,Jaya Jaya Janaki Kantha,d4d0961c-b5cb-4294-ae13-22605b9a26fe,library_and_test_source,91848d1a2bde61ffe3cedbb87df337c4
carnatic_217_Santhamu_leka_Sowkyamu_ledu,carnatic,217_Santhamu_leka_Sowkyamu_ledu,/Users/prita/Desktop/Audio Fingerprinting/afp_bench/data/mirdata/saraga_carnatic/saraga1.5_carnatic/Srividya Janakiraman at Arkay by Srividya Janakiraman/Santhamu leka Sowkyamu ledu/Santhamu leka Sowkyamu ledu.mp3.mp3,321.164,44100,2,Sāma,Ādi,Srividya Janakiraman,Santhamu leka Sowkyamu ledu,a72a5f2e-2435-482b-90af-339b2c14fb04,library_and_test_source,775564e939d71cbd51e216d0e8cc9e5a
carnatic_218_Sarasuda_Ninne_Kori,carnatic,218_Sarasuda_Ninne_Kori,/Users/prita/Desktop/Audio Fingerprinting/afp_bench/data/mirdata/saraga_carnatic/saraga1.5_carnatic/Srividya Janakiraman at Arkay by Srividya Janakiraman/Sarasuda Ninne Kori/Sarasuda Ninne Kori.mp3.mp3,307.24,44100,2,Sāvēri,Ādi,Srividya Janakiraman,Sarasuda Ninne Kori,be454ab9-c6df-4bc7-99ce-691bb9345db3,library_only,5ca48f31aedca978f92c9c74241ad1a9
carnatic_219_Gnanamosaga_Rada,carnatic,219_Gnanamosaga_Rada,/Users/prita/Desktop/Audio Fingerprinting/afp_bench/data/mirdata/saraga_carnatic/saraga1.5_carnatic/Srividya Janakiraman at Arkay by Srividya Janakiraman/Gnanamosaga Rada/Gnanamosaga Rada.mp3.mp3,1732.455,44100,2,Gamakakriyā,Rūpaka,Srividya Janakiraman,Gnanamosaga Rada,c6c9bd52-602c-4c20-be79-78c5b2dd79ca,library_and_test_source,5d8a845bdf7d74c358520c17976876a9
carnatic_220_Nenindal_Agaadadu_undo,carnatic,220_Nenindal_Agaadadu_undo,/Users/prita/Desktop/Audio Fingerprinting/afp_bench/data/mirdata/saraga_carnatic/saraga1.5_carnatic/Srividya Janakiraman at Arkay by Srividya Janakiraman/Nenindal Agaadadu undo/Nenindal Agaadadu undo.mp3.mp3,210.352,44100,2,Jōnpuri,Ādi,Srividya Janakiraman,Nee Ninaindal,c22021ef-0133-4c4b-9322-771a439b34f0,library_only,3672eb93a6017f9e9c0a43618ca0e529
carnatic_221_Sri_Dundurge_Siva_Samsaare,carnatic,221_Sri_Dundurge_Siva_Samsaare,/Users/prita/Desktop/Audio Fingerprinting/afp_bench/data/mirdata/saraga_carnatic/saraga1.5_carnatic/Srividya Janakiraman at Arkay by Srividya Janakiraman/Sri Dundurge Siva Samsaare/Sri Dundurge Siva Samsaare.mp3.mp3,304.811,44100,2,Śrīranjani,Khaṇḍa-jāti ēka,Srividya Janakiraman,Sri Dundurge Siva Samsaare,1e058d92-413f-402e-864a-625da5c0dc34,library_only,33d33eb5858197fcb6ea7ff2e86dd469
carnatic_222_Madhava_Mamava,carnatic,222_Madhava_Mamava,/Users/prita/Desktop/Audio Fingerprinting/afp_bench/data/mirdata/saraga_carnatic/saraga1.5_carnatic/Rithvik Raja at Arkay by Rithvik Raja/Madhava Mamava/Rithvik Raja - Madhava Mamava.mp3,301.645,44100,2,Nīlāṁbari,Ādi,Rithvik Raja,Madhava Mamava Deva,7cb9b603-d6e6-4c4e-b291-32e7b0a64eaf,library_only,d508c7590282438afdaf1d82b983f341
carnatic_223_Ramachandraya_Mangalam,carnatic,223_Ramachandraya_Mangalam,/Users/prita/Desktop/Audio Fingerprinting/afp_bench/data/mirdata/saraga_carnatic/saraga1.5_carnatic/Rithvik Raja at Arkay by Rithvik Raja/Ramachandraya Mangalam/Rithvik Raja - Ramachandraya Mangalam.mp3,90.784,44100,2,Navrōj,Ādi,Rithvik Raja,Ramachandraya,88305a8a-6c08-487d-be53-de1f3b373c09,library_and_test_source,e72be6ee335696a90c7812efe6390743
carnatic_224_Sapasyat_Kausalya,carnatic,224_Sapasyat_Kausalya,/Users/prita/Desktop/Audio Fingerprinting/afp_bench/data/mirdata/saraga_carnatic/saraga1.5_carnatic/Rithvik Raja at Arkay by Rithvik Raja/Sapasyat Kausalya/Rithvik Raja - Sapasyat Kausalya.mp3,291.101,44100,2,Jōnpuri,Ādi,Rithvik Raja,Sapashyat,9ca581f0-6417-4bad-a052-3d268b58a28f,library_only,8e11def62a92e15bde4a2003d85c8311
carnatic_225_Seetapati_Namanasuna,carnatic,225_Seetapati_Namanasuna,/Users/prita/Desktop/Audio Fingerprinting/afp_bench/data/mirdata/saraga_carnatic/saraga1.5_carnatic/Rithvik Raja at Arkay by Rithvik Raja/Seetapati Namanasuna/Rithvik Raja - Seetapati Namanasuna.mp3,689.016,44100,2,Kamās,Ādi,Rithvik Raja,Sitapate na manasuna,90997d72-dd8f-4089-ba62-e41e9a3f541e,library_and_test_source,bfdfcaefd0dae1e98f7cce4b74a2e688
carnatic_226_Karunimpa_Idi,carnatic,226_Karunimpa_Idi,/Users/prita/Desktop/Audio Fingerprinting/afp_bench/data/mirdata/saraga_carnatic/saraga1.5_carnatic/Rithvik Raja at Arkay by Rithvik Raja/Karunimpa Idi/Rithvik Raja - Karunimpa Idi.mp3,308.941,44100,2,Sahānā,Ādi,Rithvik Raja,Karunimpa,118eb8d2-e90e-40cc-aa6d-78ed6860ae88,library_and_test_source,e94614769cb8f195ea01d7711bab2f77
carnatic_227_Endaro_Mahanubhavulu,carnatic,227_Endaro_Mahanubhavulu,/Users/prita/Desktop/Audio Fingerprinting/afp_bench/data/mirdata/saraga_carnatic/saraga1.5_carnatic/Rithvik Raja at Arkay by Rithvik Raja/Endaro Mahanubhavulu/Rithvik Raja - Endaro Mahanubhavulu.mp3,787.101,44100,2,Śrī,Ādi,Rithvik Raja,Endaro Mahanubhavulu,bf2d3e31-8458-451e-a374-d4d769f7d7c0,library_and_test_source,baa3569cb237837ae670775bf1069d93
carnatic_228_Bhogeendra_Shayinam,carnatic,228_Bhogeendra_Shayinam,/Users/prita/Desktop/Audio Fingerprinting/afp_bench/data/mirdata/saraga_carnatic/saraga1.5_carnatic/Rithvik Raja at Arkay by Rithvik Raja/Bhogeendra Shayinam/Rithvik Raja - Bhogeendra Shayinam.mp3,272.106,44100,2,Kuntalavarāḷi,Khaṇḍa chāpu,Rithvik Raja,Bhogindra Shayinam,84fb3201-4126-44ed-8948-a3eecccdc51d,library_only,d2f3e83d67c02f68472e6b627ccff98e
carnatic_229_Thillana_Senchurutti,carnatic,229_Thillana_Senchurutti,/Users/prita/Desktop/Audio Fingerprinting/afp_bench/data/mirdata/saraga_carnatic/saraga1.5_carnatic/Rithvik Raja at Arkay by Rithvik Raja/Thillana Senchurutti/Rithvik Raja - Thillana Senchurutti.mp3,235.609,44100,2,Sencuruṭṭi,Dēśādi,Rithvik Raja,Thillana,41652099-e8df-475c-9850-e15f793233b1,library_and_test_source,aca453fb7743dfe184e638edcbe575a6
carnatic_230_Chintayama_Kanda,carnatic,230_Chintayama_Kanda,/Users/prita/Desktop/Audio Fingerprinting/afp_bench/data/mirdata/saraga_carnatic/saraga1.5_carnatic/Rithvik Raja at Arkay by Rithvik Raja/Chintayama Kanda/Rithvik Raja - Chintayama Kanda.mp3,1182.453,44100,2,Bhairavi,Rūpaka,Rithvik Raja,chintayama kanda,acc03a73-2d39-4b24-81e4-07ba16c4765b,library_only,17efa91feaaa772fd313c14866493d05
carnatic_231_Emani_Migula,carnatic,231_Emani_Migula,/Users/prita/Desktop/Audio Fingerprinting/afp_bench/data/mirdata/saraga_carnatic/saraga1.5_carnatic/Rithvik Raja at Arkay by Rithvik Raja/Emani Migula/Rithvik Raja - Emani Migula.mp3,1238.76,44100,2,Tōḍi,Ādi,Rithvik Raja,Emani Migula,e1512c70-0e18-4111-a7e6-62c8d35ad43e,library_only,b2f67000e1a32bf0bbc672c2b933593f
carnatic_232_Saraguna_Palimpa,carnatic,232_Saraguna_Palimpa,/Users/prita/Desktop/Audio Fingerprinting/afp_bench/data/mirdata/saraga_carnatic/saraga1.5_carnatic/Rithvik Raja at Arkay by Rithvik Raja/Saraguna Palimpa/Rithvik Raja - Saraguna Palimpa.mp3,2382.143,44100,2,Kēdāragauḷa,Ādi,Rithvik Raja,Saraguna Paalimpa,b656902b-1b7b-47cc-8594-837dc6e6e0e7,library_and_test_source,c60b613891d6d471a2dec611ca747bd1
carnatic_233_Nadatanum_Anisham,carnatic,233_Nadatanum_Anisham,/Users/prita/Desktop/Audio Fingerprinting/afp_bench/data/mirdata/saraga_carnatic/saraga1.5_carnatic/KP Nandini at Arkay by KP Nandini/Nadatanum Anisham/Nadatanum Anisham.mp3.mp3,252.775,44100,2,Cittaranjani,Ādi,KP Nandini,Nadatanum Anisham,e623654f-ed03-4823-8a20-107136da8c3b,library_and_test_source,a6fad5e661634d8b91cab1fbfed9b8c3
carnatic_234_Seethamma,carnatic,234_Seethamma,/Users/prita/Desktop/Audio Fingerprinting/afp_bench/data/mirdata/saraga_carnatic/saraga1.5_carnatic/KP Nandini at Arkay by KP Nandini/Seethamma/Seethamma.mp3.mp3,299.064,44100,2,Vasanta,Rūpaka,KP Nandini,Seethamma mayamma,f08ed52d-b88c-471c-9c2b-8bdda093207b,library_and_test_source,bcb5fc3bd6544723b5c56c722ef97fe6
carnatic_235_Janakipathe_Jaya_Karunya_Jaladhe,carnatic,235_Janakipathe_Jaya_Karunya_Jaladhe,/Users/prita/Desktop/Audio Fingerprinting/afp_bench/data/mirdata/saraga_carnatic/saraga1.5_carnatic/KP Nandini at Arkay by KP Nandini/Janakipathe Jaya Karunya Jaladhe/Janakipathe Jaya Karunya Jaladhe.mp3.mp3,2541.781,44100,2,Karaharapriya,Ādi,KP Nandini,Janakipathe Jaya,8927d020-9b43-447c-964e-970ca702bc21,library_and_test_source,a7e9f2101d9005bde8d681f2e7d89d00
carnatic_236_Eppadi_Padinaro,carnatic,236_Eppadi_Padinaro,/Users/prita/Desktop/Audio Fingerprinting/afp_bench/data/mirdata/saraga_carnatic/saraga1.5_carnatic/KP Nandini at Arkay by KP Nandini/Eppadi Padinaro/Eppadi Padinaro.mp3.mp3,290.992,44100,2,Karṇāṭaka dēvagāndhāri,Ādi,KP Nandini,Eppadi Padinaro,25f9a9f5-15a8-40a8-999d-dc9697d466cf,library_only,bbe6067b2a95c3016c76f62fa4e172e4
carnatic_237_Manasaramathi,carnatic,237_Manasaramathi,/Users/prita/Desktop/Audio Fingerprinting/afp_bench/data/mirdata/saraga_carnatic/saraga1.5_carnatic/KP Nandini at Arkay by KP Nandini/Manasaramathi/Manasaramathi.mp3.mp3,1441.111,44100,2,Sārāmati,Ādi,KP Nandini,Manasaramathi,ffc6991b-4101-4546-8c87-d4f93bd5505b,library_and_test_source,143ecb87e96268160e6725d4f5c8540a
carnatic_238_Tillana,carnatic,238_Tillana,/Users/prita/Desktop/Audio Fingerprinting/afp_bench/data/mirdata/saraga_carnatic/saraga1.5_carnatic/KP Nandini at Arkay by KP Nandini/Tillana/Tillana.mp3.mp3,249.013,44100,2,,Ādi,KP Nandini,Thillana,b02b62e9-525a-44fc-a4d6-b078712d51ab,library_only,45065974e04c2315aeb9f8006d967f35
carnatic_239_Bhavamulona,carnatic,239_Bhavamulona,/Users/prita/Desktop/Audio Fingerprinting/afp_bench/data/mirdata/saraga_carnatic/saraga1.5_carnatic/KP Nandini at Arkay by KP Nandini/Bhavamulona/Bhavamulona.mp3.mp3,709.186,44100,2,Śuddadhanyāsi,Ādi,KP Nandini,Bhavamulona,be1ae83b-af89-403d-93e0-be1d1c61cb49,library_and_test_source,c790f34f137dc673cff24d7b5b63a816
carnatic_240_Ardhanarishwaram,carnatic,240_Ardhanarishwaram,/Users/prita/Desktop/Audio Fingerprinting/afp_bench/data/mirdata/saraga_carnatic/saraga1.5_carnatic/KP Nandini at Arkay by KP Nandini/Ardhanarishwaram/Ardhanarishwaram.mp3.mp3,364.71,44100,2,Kumudakriyā,Rūpaka,KP Nandini,Ardhanarishwaram,869ce608-91dc-4667-a59a-2f2a3333e5fa,library_and_test_source,019baf3d7eeb3c5e04b9baf4619ea754
carnatic_241_Shri_Subramanyaya_Namaste,carnatic,241_Shri_Subramanyaya_Namaste,/Users/prita/Desktop/Audio Fingerprinting/afp_bench/data/mirdata/saraga_carnatic/saraga1.5_carnatic/Chaitra Sairam at Arkay by Chaitra Sairam/Shri Subramanyaya Namaste/Chaitra Sairam - Shri Subramanyaya Namaste.mp3,2577.177,44100,2,Kāṁbhōji,Tiśra-jāti ēka,Chaitra Sairam,Shri subrahmanyaya namaste manasija koti lavanya,3edf1388-7fe0-4e77-9f41-922a699ef3ac,library_and_test_source,9d88595c8eaf3809c9a3a78496d4203c
carnatic_242_Mamava_Pattabhi_Rama,carnatic,242_Mamava_Pattabhi_Rama,/Users/prita/Desktop/Audio Fingerprinting/afp_bench/data/mirdata/saraga_carnatic/saraga1.5_carnatic/Chaitra Sairam at Arkay by Chaitra Sairam/Mamava Pattabhi Rama/Chaitra Sairam - Mamava Pattabhi Rama.mp3,270.956,44100,2,Maṇirangu,Miśra chāpu,Chaitra Sairam,Mamava Pattabhi Rama,ba2a294b-1d14-420b-b90f-a7b1431d620f,library_only,f5f2113317002055e667912a6424dd54
carnatic_243_Kamalamba_Samrakshatu,carnatic,243_Kamalamba_Samrakshatu,/Users/prita/Desktop/Audio Fingerprinting/afp_bench/data/mirdata/saraga_carnatic/saraga1.5_carnatic/Chaitra Sairam at Arkay by Chaitra Sairam/Kamalamba Samrakshatu/Chaitra Sairam - Kamalamba Samrakshatu.mp3,662.845,44100,2,Ānandabhairavi,Miśra chāpu,Chaitra Sairam,Kamalamba,bf3629ff-4142-428b-bca1-93964ac06f08,library_and_test_source,081385e6a04d8b8fda5eaae8c39449dc
carnatic_244_Govardhana_Girisham,carnatic,244_Govardhana_Girisham,/Users/prita/Desktop/Audio Fingerprinting/afp_bench/data/mirdata/saraga_carnatic/saraga1.5_carnatic/Chaitra Sairam at Arkay by Chaitra Sairam/Govardhana Girisham/Chaitra Sairam - Govardhana Girisham.mp3,332.527,44100,2,Hindōḷaṁ,Rūpaka,Chaitra Sairam,Govardhana Girisham,c5cd85c3-3676-4b15-8229-ea06dc5ec785,library_and_test_source,e350aaa008868b7a2c9e4b223445e5c2
carnatic_245_Ardhanareeshwaram,carnatic,245_Ardhanareeshwaram,/Users/prita/Desktop/Audio Fingerprinting/afp_bench/data/mirdata/saraga_carnatic/saraga1.5_carnatic/Chaitra Sairam at Arkay by Chaitra Sairam/Ardhanareeshwaram/Chaitra Sairam - Ardhanareeshwaram.mp3,237.964,44100,2,,Rūpaka,Chaitra Sairam,Ardhanarishwaram,869ce608-91dc-4667-a59a-2f2a3333e5fa,library_only,f77c3e2ff37df581aa35f346b3fc77ff
carnatic_246_Anandaamrutakarshini,carnatic,246_Anandaamrutakarshini,/Users/prita/Desktop/Audio Fingerprinting/afp_bench/data/mirdata/saraga_carnatic/saraga1.5_carnatic/Chaitra Sairam at Arkay by Chaitra Sairam/Anandaamrutakarshini/Chaitra Sairam - Anandaamrutakarshini.mp3,407.759,44100,2,Amṛtavarṣiṇi,Ādi,Chaitra Sairam,Anandamruta Karshini,d2294951-9ee5-4ad4-ad09-3e27f87569ce,library_only,f19d49bc8cb46095d3db08e96223dcb3
carnatic_247_Rakta_Ganapatim,carnatic,247_Rakta_Ganapatim,/Users/prita/Desktop/Audio Fingerprinting/afp_bench/data/mirdata/saraga_carnatic/saraga1.5_carnatic/Chaitra Sairam at Arkay by Chaitra Sairam/Rakta Ganapatim/Chaitra Sairam - Rakta Ganapatim.mp3,420.141,44100,2,Mōhanaṁ,Ādi,Chaitra Sairam,Rakta Ganapatim,c7d574e6-4292-40bb-bc95-3774dcf394a6,library_only,2c6ecb630291941e7af41a87a0d68370
carnatic_248_Gange_Maampahi,carnatic,248_Gange_Maampahi,/Users/prita/Desktop/Audio Fingerprinting/afp_bench/data/mirdata/saraga_carnatic/saraga1.5_carnatic/Chaitra Sairam at Arkay by Chaitra Sairam/Gange Maampahi/Chaitra Sairam - Gange Maampahi.mp3,161.921,44100,2,,Khaṇḍa-jāti ēka,Chaitra Sairam,Gange Mampahi,0f0a4757-22e1-4de2-bcd1-08fe7bd0444e,library_only,317061e7e420f581208cc0ea97a9c1e4
