query_id,ref_id,corpus,audio_path,offset_sec,length_sec,seed,section_type,section_label,section_start,section_end,section_duration
hindustani_ab_0_Raag_Shree_s000_alaap,hindustani_0_Raag_Shree,hindustani,/Users/prita/Desktop/Audio Fingerprinting/afp_bench/data/queries/hindustani/ablation/hindustani_ab_0_Raag_Shree_s000_alaap.wav,91.686,10.0,3512542780,alaap,Ālāp-1,0.0,192.392,192.392
hindustani_ab_0_Raag_Shree_s001_composed,hindustani_0_Raag_Shree,hindustani,/Users/prita/Desktop/Audio Fingerprinting/afp_bench/data/queries/hindustani/ablation/hindustani_ab_0_Raag_Shree_s001_composed.wav,1348.583,10.0,2595537837,composed,Khyāl (vilambit ēktāl)-2,192.392,2513.92,2321.528
hindustani_ab_0_Raag_Shree_s002_composed,hindustani_0_Raag_Shree,hindustani,/Users/prita/Desktop/Audio Fingerprinting/afp_bench/data/queries/hindustani/ablation/hindustani_ab_0_Raag_Shree_s002_composed.wav,2778.522,10.0,4124344184,composed,Khyāl (dr̥t tīntāl)-3,2513.92,3120.196,606.276
hindustani_ab_100_Raga_Shree_-_Khayal_s000_alaap,hindustani_100_Raga_Shree_-_Khayal,hindustani,/Users/prita/Desktop/Audio Fingerprinting/afp_bench/data/queries/hindustani/ablation/hindustani_ab_100_Raga_Shree_-_Khayal_s000_alaap.wav,40.126,10.0,4140126455,alaap,Ālāp-1,0.0,89.291,89.291
hindustani_ab_100_Raga_Shree_-_Khayal_s001_composed,hindustani_100_Raga_Shree_-_Khayal,hindustani,/Users/prita/Desktop/Audio Fingerprinting/afp_bench/data/queries/hindustani/ablation/hindustani_ab_100_Raga_Shree_-_Khayal_s001_composed.wav,990.081,10.0,2802223095,composed,Khyāl (vilambit ēktāl)-2,89.291,1901.645,1812.354
hindustani_ab_100_Raga_Shree_-_Khayal_s002_composed,hindustani_100_Raga_Shree_-_Khayal,hindustani,/Users/prita/Desktop/Audio Fingerprinting/afp_bench/data/queries/hindustani/ablation/hindustani_ab_100_Raga_Shree_-_Khayal_s002_composed.wav,2317.957,10.0,2473254226,composed,Khyāl (madhya tīntāl)-3,1901.645,2743.442,841.797
hindustani_ab_100_Raga_Shree_-_Khayal_s003_composed,hindustani_100_Raga_Shree_-_Khayal,hindustani,/Users/prita/Desktop/Audio Fingerprinting/afp_bench/data/queries/hindustani/ablation/hindustani_ab_100_Raga_Shree_-_Khayal_s003_composed.wav,2841.947,10.0,2307302781,composed,Khyāl (dr̥t tīntāl)-4,2743.442,2950.818,207.376
hindustani_ab_103_Thumri_in_Piloo_s000_alaap,hindustani_103_Thumri_in_Piloo,hindustani,/Users/prita/Desktop/Audio Fingerprinting/afp_bench/data/queries/hindustani/ablation/hindustani_ab_103_Thumri_in_Piloo_s000_alaap.wav,15.815,10.0,2262029491,alaap,Ālāp-1,0.0,40.96,40.96
hindustani_ab_103_Thumri_in_Piloo_s001_composed,hindustani_103_Thumri_in_Piloo,hindustani,/Users/prita/Desktop/Audio Fingerprinting/afp_bench/data/queries/hindustani/ablation/hindustani_ab_103_Thumri_in_Piloo_s001_composed.wav,303.476,10.0,662332167,composed,Ṭhumri (vilambit dīpacaṇḍī)-2,40.96,576.598,535.638
hindustani_ab_104_Raga_Lalit_-_Khayal_s000_alaap,hindustani_104_Raga_Lalit_-_Khayal,hindustani,/Users/prita/Desktop/Audio Fingerprinting/afp_bench/data/queries/hindustani/ablation/hindustani_ab_104_Raga_Lalit_-_Khayal_s000_alaap.wav,72.112,10.0,3103370926,alaap,Ālāp-1,0.0,154.121,154.121
hindustani_ab_104_Raga_Lalit_-_Khayal_s001_composed,hindustani_104_Raga_Lalit_-_Khayal,hindustani,/Users/prita/Desktop/Audio Fingerprinting/afp_bench/data/queries/hindustani/ablation/hindustani_ab_104_Raga_Lalit_-_Khayal_s001_composed.wav,1228.855,10.0,2503088322,composed,Khyāl (vilambit ēktāl)-2,154.121,2314.333,2160.212
hindustani_ab_104_Raga_Lalit_-_Khayal_s002_composed,hindustani_104_Raga_Lalit_-_Khayal,hindustani,/Users/prita/Desktop/Audio Fingerprinting/afp_bench/data/queries/hindustani/ablation/hindustani_ab_104_Raga_Lalit_-_Khayal_s002_composed.wav,2822.832,10.0,2449190984,composed,Khyāl (madhya tīntāl)-3,2314.333,3340.751,1026.418
hindustani_ab_104_Raga_Lalit_-_Khayal_s003_composed,hindustani_104_Raga_Lalit_-_Khayal,hindustani,/Users/prita/Desktop/Audio Fingerprinting/afp_bench/data/queries/hindustani/ablation/hindustani_ab_104_Raga_Lalit_-_Khayal_s003_composed.wav,3473.449,10.0,3252773761,composed,Khyāl (dr̥t tīntāl)-4,3340.751,3617.019,276.268
hindustani_ab_105_Raag_Bhoopali_s000_alaap,hindustani_105_Raag_Bhoopali,hindustani,/Users/prita/Desktop/Audio Fingerprinting/afp_bench/data/queries/hindustani/ablation/hindustani_ab_105_Raag_Bhoopali_s000_alaap.wav,109.687,10.0,2186345637,alaap,Ālāp-1,0.0,229.257,229.257
hindustani_ab_105_Raag_Bhoopali_s001_composed,hindustani_105_Raag_Bhoopali,hindustani,/Users/prita/Desktop/Audio Fingerprinting/afp_bench/data/queries/hindustani/ablation/hindustani_ab_105_Raag_Bhoopali_s001_composed.wav,1377.676,10.0,2714455975,composed,Khyāl (vilambit ēktāl)-2,229.257,2536.792,2307.535
hindustani_ab_105_Raag_Bhoopali_s002_composed,hindustani_105_Raag_Bhoopali,hindustani,/Users/prita/Desktop/Audio Fingerprinting/afp_bench/data/queries/hindustani/ablation/hindustani_ab_105_Raag_Bhoopali_s002_composed.wav,2936.921,10.0,1781055939,composed,Khyāl (dr̥t tīntāl)-3,2536.792,3346.625,809.833
hindustani_ab_106_Raag_Gavti_s000_alaap,hindustani_106_Raag_Gavti,hindustani,/Users/prita/Desktop/Audio Fingerprinting/afp_bench/data/queries/hindustani/ablation/hindustani_ab_106_Raag_Gavti_s000_alaap.wav,90.799,10.0,2903342208,alaap,Ālāp-1,0.0,191.804,191.804
hindustani_ab_106_Raag_Gavti_s001_composed,hindustani_106_Raag_Gavti,hindustani,/Users/prita/Desktop/Audio Fingerprinting/afp_bench/data/queries/hindustani/ablation/hindustani_ab_106_Raag_Gavti_s001_composed.wav,737.601,10.0,325123769,composed,Khyāl (madhya rūpak)-2,191.804,1292.968,1101.164
hindustani_ab_106_Raag_Gavti_s002_composed,hindustani_106_Raag_Gavti,hindustani,/Users/prita/Desktop/Audio Fingerprinting/afp_bench/data/queries/hindustani/ablation/hindustani_ab_106_Raag_Gavti_s002_composed.wav,1464.079,10.0,2121309352,composed,Khyāl (dr̥t tīntāl)-3,1292.968,1645.558,352.59
hindustani_ab_107_Raag_Shree_s000_alaap,hindustani_107_Raag_Shree,hindustani,/Users/prita/Desktop/Audio Fingerprinting/afp_bench/data/queries/hindustani/ablation/hindustani_ab_107_Raag_Shree_s000_alaap.wav,123.669,10.0,1504704869,alaap,Ālāp-1,0.0,256.65,256.65
hindustani_ab_107_Raag_Shree_s001_composed,hindustani_107_Raag_Shree,hindustani,/Users/prita/Desktop/Audio Fingerprinting/afp_bench/data/queries/hindustani/ablation/hindustani_ab_107_Raag_Shree_s001_composed.wav,1398.818,10.0,190735635,composed,Khyāl (vilambit ēktāl)-2,256.65,2550.468,2293.818
hindustani_ab_107_Raag_Shree_s002_composed,hindustani_107_Raag_Shree,hindustani,/Users/prita/Desktop/Audio Fingerprinting/afp_bench/data/queries/hindustani/ablation/hindustani_ab_107_Raag_Shree_s002_composed.wav,2889.984,10.0,402264712,composed,Khyāl (madhya jhaptāl)-3,2550.468,3238.835,688.367
hindustani_ab_107_Raag_Shree_s003_composed,hindustani_107_Raag_Shree,hindustani,/Users/prita/Desktop/Audio Fingerprinting/afp_bench/data/queries/hindustani/ablation/hindustani_ab_107_Raag_Shree_s003_composed.wav,3524.353,10.0,1342038582,composed,Khyāl (dr̥t tīntāl)-4,3238.835,3819.442,580.607
hindustani_ab_18_Raag_Bhairav_s000_alaap,hindustani_18_Raag_Bhairav,hindustani,/Users/prita/Desktop/Audio Fingerprinting/afp_bench/data/queries/hindustani/ablation/hindustani_ab_18_Raag_Bhairav_s000_alaap.wav,47.413,10.0,3724220224,alaap,Ālāp-1,0.0,104.963,104.963
hindustani_ab_18_Raag_Bhairav_s001_composed,hindustani_18_Raag_Bhairav,hindustani,/Users/prita/Desktop/Audio Fingerprinting/afp_bench/data/queries/hindustani/ablation/hindustani_ab_18_Raag_Bhairav_s001_composed.wav,587.433,10.0,1897197472,composed,Khyāl (madhya jhaptāl)-2,104.963,1079.89,974.927
hindustani_ab_18_Raag_Bhairav_s002_composed,hindustani_18_Raag_Bhairav,hindustani,/Users/prita/Desktop/Audio Fingerprinting/afp_bench/data/queries/hindustani/ablation/hindustani_ab_18_Raag_Bhairav_s002_composed.wav,1264.238,10.0,3648441108,composed,Khyāl (dr̥t ēktāl)-3,1079.89,1457.633,377.743
hindustani_ab_19_Raag_Dhani_s000_composed,hindustani_19_Raag_Dhani,hindustani,/Users/prita/Desktop/Audio Fingerprinting/afp_bench/data/queries/hindustani/ablation/hindustani_ab_19_Raag_Dhani_s000_composed.wav,1018.928,10.0,3046714710,composed,Khyāl (madhya ikvāi)-1,0.18,2048.627,2048.447
hindustani_ab_1_Nirgun_Bhajan_s000_composed,hindustani_1_Nirgun_Bhajan,hindustani,/Users/prita/Desktop/Audio Fingerprinting/afp_bench/data/queries/hindustani/ablation/hindustani_ab_1_Nirgun_Bhajan_s000_composed.wav,393.889,10.0,3509008345,composed,Bhajan (kēharvā)-1,9.009,787.827,778.818
hindustani_ab_23_Raag_Mian_Malhar_s000_alaap,hindustani_23_Raag_Mian_Malhar,hindustani,/Users/prita/Desktop/Audio Fingerprinting/afp_bench/data/queries/hindustani/ablation/hindustani_ab_23_Raag_Mian_Malhar_s000_alaap.wav,104.273,10.0,2910312230,alaap,Ālāp-1,0.0,218.128,218.128
hindustani_ab_23_Raag_Mian_Malhar_s001_composed,hindustani_23_Raag_Mian_Malhar,hindustani,/Users/prita/Desktop/Audio Fingerprinting/afp_bench/data/queries/hindustani/ablation/hindustani_ab_23_Raag_Mian_Malhar_s001_composed.wav,1534.615,10.0,3063371073,composed,Khyāl (vilambit ēktāl)-2,218.128,2861.372,2643.244
hindustani_ab_23_Raag_Mian_Malhar_s002_composed,hindustani_23_Raag_Mian_Malhar,hindustani,/Users/prita/Desktop/Audio Fingerprinting/afp_bench/data/queries/hindustani/ablation/hindustani_ab_23_Raag_Mian_Malhar_s002_composed.wav,3391.364,10.0,3637982652,composed,Khyāl (dr̥t tīntāl)-3,2861.372,3935.503,1074.13
hindustani_ab_24_Raag_Ramdasi_Malhar_s000_alaap,hindustani_24_Raag_Ramdasi_Malhar,hindustani,/Users/prita/Desktop/Audio Fingerprinting/afp_bench/data/queries/hindustani/ablation/hindustani_ab_24_Raag_Ramdasi_Malhar_s000_alaap.wav,22.982,10.0,2149185595,alaap,Ālāp-1,0.0,55.589,55.589
hindustani_ab_24_Raag_Ramdasi_Malhar_s001_composed,hindustani_24_Raag_Ramdasi_Malhar,hindustani,/Users/prita/Desktop/Audio Fingerprinting/afp_bench/data/queries/hindustani/ablation/hindustani_ab_24_Raag_Ramdasi_Malhar_s001_composed.wav,219.52,10.0,65555961,composed,Khyāl (madhya tīntāl)-2,55.589,394.122,338.533
hindustani_ab_24_Raag_Ramdasi_Malhar_s002_composed,hindustani_24_Raag_Ramdasi_Malhar,hindustani,/Users/prita/Desktop/Audio Fingerprinting/afp_bench/data/queries/hindustani/ablation/hindustani_ab_24_Raag_Ramdasi_Malhar_s002_composed.wav,539.709,10.0,2206790641,composed,Khyāl (dr̥t tīntāl)-3,394.122,696.113,301.991
hindustani_ab_25_Raag_Marwa_s000_alaap,hindustani_25_Raag_Marwa,hindustani,/Users/prita/Desktop/Audio Fingerprinting/afp_bench/data/queries/hindustani/ablation/hindustani_ab_25_Raag_Marwa_s000_alaap.wav,194.826,10.0,2659500570,alaap,Ālāp-1,0.0,399.859,399.859
hindustani_ab_25_Raag_Marwa_s001_composed,hindustani_25_Raag_Marwa,hindustani,/Users/prita/Desktop/Audio Fingerprinting/afp_bench/data/queries/hindustani/ablation/hindustani_ab_25_Raag_Marwa_s001_composed.wav,983.703,10.0,1585262702,composed,Khyāl (vilambit tilavāḍā)-2,399.859,1577.771,1177.912
hindustani_ab_25_Raag_Marwa_s002_composed,hindustani_25_Raag_Marwa,hindustani,/Users/prita/Desktop/Audio Fingerprinting/afp_bench/data/queries/hindustani/ablation/hindustani_ab_25_Raag_Marwa_s002_composed.wav,1752.767,10.0,714404686,composed,Khyāl (madhya tīntāl)-3,1577.771,1937.816,360.045
hindustani_ab_26_Raag_Shree_s000_alaap,hindustani_26_Raag_Shree,hindustani,/Users/prita/Desktop/Audio Fingerprinting/afp_bench/data/queries/hindustani/ablation/hindustani_ab_26_Raag_Shree_s000_alaap.wav,179.534,10.0,3746891321,alaap,Ālāp-1,0.0,370.024,370.024
hindustani_ab_26_Raag_Shree_s001_composed,hindustani_26_Raag_Shree,hindustani,/Users/prita/Desktop/Audio Fingerprinting/afp_bench/data/queries/hindustani/ablation/hindustani_ab_26_Raag_Shree_s001_composed.wav,1052.043,10.0,2163529875,composed,Khyāl (vilambit tilavāḍā)-2,370.024,1743.298,1373.274
hindustani_ab_26_Raag_Shree_s002_composed,hindustani_26_Raag_Shree,hindustani,/Users/prita/Desktop/Audio Fingerprinting/afp_bench/data/queries/hindustani/ablation/hindustani_ab_26_Raag_Shree_s002_composed.wav,1992.285,10.0,1223572257,composed,Khyāl (madhya tīntāl)-3,1743.298,2250.344,507.046
hindustani_ab_27_Raag_Bihag_s000_alaap,hindustani_27_Raag_Bihag,hindustani,/Users/prita/Desktop/Audio Fingerprinting/afp_bench/data/queries/hindustani/ablation/hindustani_ab_27_Raag_Bihag_s000_alaap.wav,148.196,10.0,163431085,alaap,Ālāp-1,0.0,306.968,306.968
hindustani_ab_27_Raag_Bihag_s001_composed,hindustani_27_Raag_Bihag,hindustani,/Users/prita/Desktop/Audio Fingerprinting/afp_bench/data/queries/hindustani/ablation/hindustani_ab_27_Raag_Bihag_s001_composed.wav,1541.329,10.0,1841281471,composed,Khyāl (vilambit ēktāl)-2,306.968,2785.029,2478.061
hindustani_ab_27_Raag_Bihag_s002_composed,hindustani_27_Raag_Bihag,hindustani,/Users/prita/Desktop/Audio Fingerprinting/afp_bench/data/queries/hindustani/ablation/hindustani_ab_27_Raag_Bihag_s002_composed.wav,3069.55,10.0,2657757961,composed,Khyāl (madhya jhaptāl)-3,2785.029,3364.56,579.531
hindustani_ab_27_Raag_Bihag_s003_composed,hindustani_27_Raag_Bihag,hindustani,/Users/prita/Desktop/Audio Fingerprinting/afp_bench/data/queries/hindustani/ablation/hindustani_ab_27_Raag_Bihag_s003_composed.wav,3647.812,10.0,1369444975,composed,Khyāl (dr̥t tīntāl)-4,3364.56,3970.351,605.791
hindustani_ab_28_Raag_Mian_Malhar_s000_alaap,hindustani_28_Raag_Mian_Malhar,hindustani,/Users/prita/Desktop/Audio Fingerprinting/afp_bench/data/queries/hindustani/ablation/hindustani_ab_28_Raag_Mian_Malhar_s000_alaap.wav,115.038,10.0,3023829686,alaap,Ālāp-1,0.0,240.114,240.114
hindustani_ab_28_Raag_Mian_Malhar_s001_composed,hindustani_28_Raag_Mian_Malhar,hindustani,/Users/prita/Desktop/Audio Fingerprinting/afp_bench/data/queries/hindustani/ablation/hindustani_ab_28_Raag_Mian_Malhar_s001_composed.wav,1013.771,10.0,1926111238,composed,Khyāl (vilambit ēktāl)-2,240.114,1798.139,1558.025
hindustani_ab_28_Raag_Mian_Malhar_s002_composed,hindustani_28_Raag_Mian_Malhar,hindustani,/Users/prita/Desktop/Audio Fingerprinting/afp_bench/data/queries/hindustani/ablation/hindustani_ab_28_Raag_Mian_Malhar_s002_composed.wav,2054.231,10.0,3983283565,composed,Khyāl (madhya ēktāl)-3,1798.139,2319.445,521.306
hindustani_ab_28_Raag_Mian_Malhar_s003_composed,hindustani_28_Raag_Mian_Malhar,hindustani,/Users/prita/Desktop/Audio Fingerprinting/afp_bench/data/queries/hindustani/ablation/hindustani_ab_28_Raag_Mian_Malhar_s003_composed.wav,2578.789,10.0,2770001226,composed,Khyāl (dr̥t ēktāl)-4,2319.445,2848.026,528.581
hindustani_ab_29_Raag_Ramdasi_Malhar_s000_alaap,hindustani_29_Raag_Ramdasi_Malhar,hindustani,/Users/prita/Desktop/Audio Fingerprinting/afp_bench/data/queries/hindustani/ablation/hindustani_ab_29_Raag_Ramdasi_Malhar_s000_alaap.wav,39.121,10.0,2238151955,alaap,Ālāp-1,0.0,89.188,89.188
hindustani_ab_29_Raag_Ramdasi_Malhar_s001_composed,hindustani_29_Raag_Ramdasi_Malhar,hindustani,/Users/prita/Desktop/Audio Fingerprinting/afp_bench/data/queries/hindustani/ablation/hindustani_ab_29_Raag_Ramdasi_Malhar_s001_composed.wav,281.139,10.0,687848989,composed,Khyāl (madhya tīntāl)-2,89.188,484.016,394.828
hindustani_ab_29_Raag_Ramdasi_Malhar_s002_composed,hindustani_29_Raag_Ramdasi_Malhar,hindustani,/Users/prita/Desktop/Audio Fingerprinting/afp_bench/data/queries/hindustani/ablation/hindustani_ab_29_Raag_Ramdasi_Malhar_s002_composed.wav,574.636,10.0,3449330662,composed,Khyāl (dr̥t tīntāl)-3,484.016,674.529,190.513
hindustani_ab_2_Raag_Lagan_Gandhar_s000_alaap,hindustani_2_Raag_Lagan_Gandhar,hindustani,/Users/prita/Desktop/Audio Fingerprinting/afp_bench/data/queries/hindustani/ablation/hindustani_ab_2_Raag_Lagan_Gandhar_s000_alaap.wav,14.577,10.0,779183276,alaap,Ālāp-1,0.0,38.531,38.531
hindustani_ab_2_Raag_Lagan_Gandhar_s001_composed,hindustani_2_Raag_Lagan_Gandhar,hindustani,/Users/prita/Desktop/Audio Fingerprinting/afp_bench/data/queries/hindustani/ablation/hindustani_ab_2_Raag_Lagan_Gandhar_s001_composed.wav,1242.728,10.0,2031524070,composed,Khyāl (vilambit ēktāl)-1,38.531,2456.358,2417.827
hindustani_ab_2_Raag_Lagan_Gandhar_s002_composed,hindustani_2_Raag_Lagan_Gandhar,hindustani,/Users/prita/Desktop/Audio Fingerprinting/afp_bench/data/queries/hindustani/ablation/hindustani_ab_2_Raag_Lagan_Gandhar_s002_composed.wav,2699.796,10.0,3538099121,composed,Khyāl (dr̥t tīntāl)-1,2456.358,2953.9,497.542
hindustani_ab_30_Raag_Bahar_s000_alaap,hindustani_30_Raag_Bahar,hindustani,/Users/prita/Desktop/Audio Fingerprinting/afp_bench/data/queries/hindustani/ablation/hindustani_ab_30_Raag_Bahar_s000_alaap.wav,103.875,10.0,2152620451,alaap,Ālāp-1,0.0,217.852,217.852
hindustani_ab_30_Raag_Bahar_s001_composed,hindustani_30_Raag_Bahar,hindustani,/Users/prita/Desktop/Audio Fingerprinting/afp_bench/data/queries/hindustani/ablation/hindustani_ab_30_Raag_Bahar_s001_composed.wav,718.109,10.0,1578083094,composed,Khyāl (vilambit tilavāḍā)-2,217.852,1228.494,1010.642
hindustani_ab_30_Raag_Bahar_s002_composed,hindustani_30_Raag_Bahar,hindustani,/Users/prita/Desktop/Audio Fingerprinting/afp_bench/data/queries/hindustani/ablation/hindustani_ab_30_Raag_Bahar_s002_composed.wav,1355.94,10.0,3253305582,composed,Khyāl (dr̥t tīntāl)-3,1228.494,1492.997,264.503
hindustani_ab_30_Raag_Bahar_s003_composed,hindustani_30_Raag_Bahar,hindustani,/Users/prita/Desktop/Audio Fingerprinting/afp_bench/data/queries/hindustani/ablation/hindustani_ab_30_Raag_Bahar_s003_composed.wav,1576.963,10.0,3699251531,composed,Khyāl (dr̥t ēktāl)-4,1492.997,1670.191,177.194
hindustani_ab_31_Raag_Yaman_s000_alaap,hindustani_31_Raag_Yaman,hindustani,/Users/prita/Desktop/Audio Fingerprinting/afp_bench/data/queries/hindustani/ablation/hindustani_ab_31_Raag_Yaman_s000_alaap.wav,53.408,10.0,1728098154,alaap,Ālāp-1,0.0,115.955,115.955
hindustani_ab_31_Raag_Yaman_s001_composed,hindustani_31_Raag_Yaman,hindustani,/Users/prita/Desktop/Audio Fingerprinting/afp_bench/data/queries/hindustani/ablation/hindustani_ab_31_Raag_Yaman_s001_composed.wav,593.741,10.0,3096200470,composed,Khyāl (madhya tīntāl)-2,115.955,1081.678,965.723
hindustani_ab_32_Raag_Gaud_Malhar_s000_alaap,hindustani_32_Raag_Gaud_Malhar,hindustani,/Users/prita/Desktop/Audio Fingerprinting/afp_bench/data/queries/hindustani/ablation/hindustani_ab_32_Raag_Gaud_Malhar_s000_alaap.wav,47.39,10.0,3216877568,alaap,Ālāp-1,0.0,105.352,105.352
hindustani_ab_32_Raag_Gaud_Malhar_s001_composed,hindustani_32_Raag_Gaud_Malhar,hindustani,/Users/prita/Desktop/Audio Fingerprinting/afp_bench/data/queries/hindustani/ablation/hindustani_ab_32_Raag_Gaud_Malhar_s001_composed.wav,645.814,10.0,3463857488,composed,Khyāl (vilambit tilavāḍā)-2,105.352,1195.955,1090.603
hindustani_ab_32_Raag_Gaud_Malhar_s002_composed,hindustani_32_Raag_Gaud_Malhar,hindustani,/Users/prita/Desktop/Audio Fingerprinting/afp_bench/data/queries/hindustani/ablation/hindustani_ab_32_Raag_Gaud_Malhar_s002_composed.wav,1370.315,10.0,3027404242,composed,Khyāl (dr̥t tīntāl)-3,1195.955,1555.096,359.141
hindustani_ab_33_Raag_Lalit_s000_alaap,hindustani_33_Raag_Lalit,hindustani,/Users/prita/Desktop/Audio Fingerprinting/afp_bench/data/queries/hindustani/ablation/hindustani_ab_33_Raag_Lalit_s000_alaap.wav,252.376,10.0,2521331862,alaap,Ālāp-1,0.0,514.461,514.461
hindustani_ab_33_Raag_Lalit_s001_composed,hindustani_33_Raag_Lalit,hindustani,/Users/prita/Desktop/Audio Fingerprinting/afp_bench/data/queries/hindustani/ablation/hindustani_ab_33_Raag_Lalit_s001_composed.wav,1354.186,10.0,4173763073,composed,Khyāl (vilambit jhaptāl)-2,514.461,2202.964,1688.503
hindustani_ab_33_Raag_Lalit_s002_composed,hindustani_33_Raag_Lalit,hindustani,/Users/prita/Desktop/Audio Fingerprinting/afp_bench/data/queries/hindustani/ablation/hindustani_ab_33_Raag_Lalit_s002_composed.wav,2319.251,10.0,3147682055,composed,Tarānā (dr̥t tīntāl)-3,2202.964,2445.401,242.437
hindustani_ab_34_Raag_Bibhas_s000_alaap,hindustani_34_Raag_Bibhas,hindustani,/Users/prita/Desktop/Audio Fingerprinting/afp_bench/data/queries/hindustani/ablation/hindustani_ab_34_Raag_Bibhas_s000_alaap.wav,64.458,10.0,2732475714,alaap,Ālāp-1,0.0,139.38,139.38
hindustani_ab_34_Raag_Bibhas_s001_composed,hindustani_34_Raag_Bibhas,hindustani,/Users/prita/Desktop/Audio Fingerprinting/afp_bench/data/queries/hindustani/ablation/hindustani_ab_34_Raag_Bibhas_s001_composed.wav,489.803,10.0,185682786,composed,Khyāl (madhya tīntāl)-2,139.38,849.554,710.174
hindustani_ab_38_Raag_Multani_s000_alaap,hindustani_38_Raag_Multani,hindustani,/Users/prita/Desktop/Audio Fingerprinting/afp_bench/data/queries/hindustani/ablation/hindustani_ab_38_Raag_Multani_s000_alaap.wav,222.12,10.0,1608020865,alaap,Ālāp-1,0.0,453.943,453.943
hindustani_ab_38_Raag_Multani_s001_composed,hindustani_38_Raag_Multani,hindustani,/Users/prita/Desktop/Audio Fingerprinting/afp_bench/data/queries/hindustani/ablation/hindustani_ab_38_Raag_Multani_s001_composed.wav,1225.903,10.0,3758852022,composed,Khyāl (vilambit tīntāl)-2,453.943,2008.05,1554.107
hindustani_ab_38_Raag_Multani_s002_composed,hindustani_38_Raag_Multani,hindustani,/Users/prita/Desktop/Audio Fingerprinting/afp_bench/data/queries/hindustani/ablation/hindustani_ab_38_Raag_Multani_s002_composed.wav,2262.529,10.0,2373579308,composed,Khyāl (dr̥t tīntāl)-3,2008.05,2527.504,519.454
hindustani_ab_39_Raag_Bhimpalasi_s000_alaap,hindustani_39_Raag_Bhimpalasi,hindustani,/Users/prita/Desktop/Audio Fingerprinting/afp_bench/data/queries/hindustani/ablation/hindustani_ab_39_Raag_Bhimpalasi_s000_alaap.wav,123.672,10.0,1585556353,alaap,Ālāp-1,0.0,257.463,257.463
hindustani_ab_39_Raag_Bhimpalasi_s001_composed,hindustani_39_Raag_Bhimpalasi,hindustani,/Users/prita/Desktop/Audio Fingerprinting/afp_bench/data/queries/hindustani/ablation/hindustani_ab_39_Raag_Bhimpalasi_s001_composed.wav,801.725,10.0,2497378015,composed,Khyāl (madhya jhaptāl)-2,257.463,1356.653,1099.19
hindustani_ab_39_Raag_Bhimpalasi_s002_composed,hindustani_39_Raag_Bhimpalasi,hindustani,/Users/prita/Desktop/Audio Fingerprinting/afp_bench/data/queries/hindustani/ablation/hindustani_ab_39_Raag_Bhimpalasi_s002_composed.wav,1481.996,10.0,104139798,composed,Khyāl (dr̥t tīntāl)-3,1356.653,1617.946,261.293
hindustani_ab_3_Raag_Dhani_s000_alaap,hindustani_3_Raag_Dhani,hindustani,/Users/prita/Desktop/Audio Fingerprinting/afp_bench/data/queries/hindustani/ablation/hindustani_ab_3_Raag_Dhani_s000_alaap.wav,20.891,10.0,2511486826,alaap,Ālāp-1,0.0,51.003,51.003
hindustani_ab_3_Raag_Dhani_s001_composed,hindustani_3_Raag_Dhani,hindustani,/Users/prita/Desktop/Audio Fingerprinting/afp_bench/data/queries/hindustani/ablation/hindustani_ab_3_Raag_Dhani_s001_composed.wav,303.264,10.0,1647436437,composed,Khyāl (madhya tīntāl)-2,51.003,565.388,514.385
hindustani_ab_3_Raag_Dhani_s002_composed,hindustani_3_Raag_Dhani,hindustani,/Users/prita/Desktop/Audio Fingerprinting/afp_bench/data/queries/hindustani/ablation/hindustani_ab_3_Raag_Dhani_s002_composed.wav,702.281,10.0,1878891913,composed,Khyāl (dr̥t ēktāl)-3,565.388,883.87,318.482
hindustani_ab_42_Raag_Bhatiyar_s000_alaap,hindustani_42_Raag_Bhatiyar,hindustani,/Users/prita/Desktop/Audio Fingerprinting/afp_bench/data/queries/hindustani/ablation/hindustani_ab_42_Raag_Bhatiyar_s000_alaap.wav,72.738,10.0,4149668459,alaap,Ālāp-1,0.0,155.714,155.714
hindustani_ab_42_Raag_Bhatiyar_s001_composed,hindustani_42_Raag_Bhatiyar,hindustani,/Users/prita/Desktop/Audio Fingerprinting/afp_bench/data/queries/hindustani/ablation/hindustani_ab_42_Raag_Bhatiyar_s001_composed.wav,666.251,10.0,512542326,composed,Khyāl (vilambit ēktāl)-2,155.714,1186.157,1030.443
hindustani_ab_42_Raag_Bhatiyar_s002_composed,hindustani_42_Raag_Bhatiyar,hindustani,/Users/prita/Desktop/Audio Fingerprinting/afp_bench/data/queries/hindustani/ablation/hindustani_ab_42_Raag_Bhatiyar_s002_composed.wav,1444.151,10.0,3384545793,composed,Khyāl (madhya jhaptāl)-3,1186.157,1712.698,526.541
hindustani_ab_42_Raag_Bhatiyar_s003_composed,hindustani_42_Raag_Bhatiyar,hindustani,/Users/prita/Desktop/Audio Fingerprinting/afp_bench/data/queries/hindustani/ablation/hindustani_ab_42_Raag_Bhatiyar_s003_composed.wav,1990.867,10.0,805127776,composed,Khyāl (dr̥t ēktāl)-4,1712.698,2278.975,566.277
hindustani_ab_43_Bhairavi_Thumri_s000_alaap,hindustani_43_Bhairavi_Thumri,hindustani,/Users/prita/Desktop/Audio Fingerprinting/afp_bench/data/queries/hindustani/ablation/hindustani_ab_43_Bhairavi_Thumri_s000_alaap.wav,45.688,10.0,2392799793,alaap,Ālāp-1,0.261,100.87,100.609
hindustani_ab_43_Bhairavi_Thumri_s001_composed,hindustani_43_Bhairavi_Thumri,hindustani,/Users/prita/Desktop/Audio Fingerprinting/afp_bench/data/queries/hindustani/ablation/hindustani_ab_43_Bhairavi_Thumri_s001_composed.wav,336.437,10.0,1837763842,composed,Ṭhumri (vilambit dīpacaṇḍī)-2,100.87,581.451,480.581
hindustani_ab_44_Raag_Abhogi_s000_alaap,hindustani_44_Raag_Abhogi,hindustani,/Users/prita/Desktop/Audio Fingerprinting/afp_bench/data/queries/hindustani/ablation/hindustani_ab_44_Raag_Abhogi_s000_alaap.wav,42.12,10.0,2624691362,alaap,Ālāp-1,0.0,95.086,95.086
hindustani_ab_44_Raag_Abhogi_s001_composed,hindustani_44_Raag_Abhogi,hindustani,/Users/prita/Desktop/Audio Fingerprinting/afp_bench/data/queries/hindustani/ablation/hindustani_ab_44_Raag_Abhogi_s001_composed.wav,753.688,10.0,3149069976,composed,Khyāl (vilambit ēktāl)-2,95.086,1421.584,1326.498
hindustani_ab_44_Raag_Abhogi_s002_composed,hindustani_44_Raag_Abhogi,hindustani,/Users/prita/Desktop/Audio Fingerprinting/afp_bench/data/queries/hindustani/ablation/hindustani_ab_44_Raag_Abhogi_s002_composed.wav,1647.155,10.0,553586825,composed,Khyāl (madhya tīntāl)-3,1421.584,1882.697,461.113
hindustani_ab_45_Raag_Megh_s000_alaap,hindustani_45_Raag_Megh,hindustani,/Users/prita/Desktop/Audio Fingerprinting/afp_bench/data/queries/hindustani/ablation/hindustani_ab_45_Raag_Megh_s000_alaap.wav,36.734,10.0,687920610,alaap,Ālāp-1,0.0,84.343,84.343
hindustani_ab_45_Raag_Megh_s001_composed,hindustani_45_Raag_Megh,hindustani,/Users/prita/Desktop/Audio Fingerprinting/afp_bench/data/queries/hindustani/ablation/hindustani_ab_45_Raag_Megh_s001_composed.wav,723.599,10.0,3595419861,composed,Khyāl (vilambit ēktāl)-2,84.343,1373.4,1289.057
hindustani_ab_45_Raag_Megh_s002_composed,hindustani_45_Raag_Megh,hindustani,/Users/prita/Desktop/Audio Fingerprinting/afp_bench/data/queries/hindustani/ablation/hindustani_ab_45_Raag_Megh_s002_composed.wav,1565.09,10.0,1952287620,composed,Khyāl (dr̥t ēktāl)-3,1373.4,1766.922,393.522
hindustani_ab_46_Raag_Bhimpalasi_s000_composed,hindustani_46_Raag_Bhimpalasi,hindustani,/Users/prita/Desktop/Audio Fingerprinting/afp_bench/data/queries/hindustani/ablation/hindustani_ab_46_Raag_Bhimpalasi_s000_composed.wav,400.927,10.0,1468476962,composed,Khyāl (vilambit ēktāl)-1,0.0,811.168,811.168
hindustani_ab_46_Raag_Bhimpalasi_s001_composed,hindustani_46_Raag_Bhimpalasi,hindustani,/Users/prita/Desktop/Audio Fingerprinting/afp_bench/data/queries/hindustani/ablation/hindustani_ab_46_Raag_Bhimpalasi_s001_composed.wav,837.055,10.0,2718311968,composed,Khyāl (dr̥t tīntāl)-2,811.168,873.024,61.856
hindustani_ab_47_Raag_Puriya_s000_alaap,hindustani_47_Raag_Puriya,hindustani,/Users/prita/Desktop/Audio Fingerprinting/afp_bench/data/queries/hindustani/ablation/hindustani_ab_47_Raag_Puriya_s000_alaap.wav,118.793,10.0,806834058,alaap,Ālāp-1,0.0,247.936,247.936
hindustani_ab_47_Raag_Puriya_s001_composed,hindustani_47_Raag_Puriya,hindustani,/Users/prita/Desktop/Audio Fingerprinting/afp_bench/data/queries/hindustani/ablation/hindustani_ab_47_Raag_Puriya_s001_composed.wav,704.415,10.0,1938875166,composed,Khyāl (vilambit ēktāl)-2,247.936,1170.75,922.814
hindustani_ab_47_Raag_Puriya_s002_composed,hindustani_47_Raag_Puriya,hindustani,/Users/prita/Desktop/Audio Fingerprinting/afp_bench/data/queries/hindustani/ablation/hindustani_ab_47_Raag_Puriya_s002_composed.wav,1406.293,10.0,3473918140,composed,Khyāl (dr̥t tīntāl)-3,1170.75,1652.363,481.613
hindustani_ab_47_Raag_Puriya_s003_composed,hindustani_47_Raag_Puriya,hindustani,/Users/prita/Desktop/Audio Fingerprinting/afp_bench/data/queries/hindustani/ablation/hindustani_ab_47_Raag_Puriya_s003_composed.wav,1746.069,10.0,83883291,composed,Khyāl (dr̥t ēktāl)-4,1652.363,1849.584,197.221
hindustani_ab_48_Raag_Bahar_s000_alaap,hindustani_48_Raag_Bahar,hindustani,/Users/prita/Desktop/Audio Fingerprinting/afp_bench/data/queries/hindustani/ablation/hindustani_ab_48_Raag_Bahar_s000_alaap.wav,59.715,10.0,3667203208,alaap,Ālāp-1,0.0,129.869,129.869
hindustani_ab_48_Raag_Bahar_s001_composed,hindustani_48_Raag_Bahar,hindustani,/Users/prita/Desktop/Audio Fingerprinting/afp_bench/data/queries/hindustani/ablation/hindustani_ab_48_Raag_Bahar_s001_composed.wav,401.835,10.0,1203686879,composed,Khyāl (dr̥t tīntāl)-2,129.869,683.389,553.52
hindustani_ab_49_Raag_Sawani_s000_alaap,hindustani_49_Raag_Sawani,hindustani,/Users/prita/Desktop/Audio Fingerprinting/afp_bench/data/queries/hindustani/ablation/hindustani_ab_49_Raag_Sawani_s000_alaap.wav,32.041,10.0,2966922891,alaap,Ālāp-1,0.0,74.776,74.776
hindustani_ab_49_Raag_Sawani_s001_composed,hindustani_49_Raag_Sawani,hindustani,/Users/prita/Desktop/Audio Fingerprinting/afp_bench/data/queries/hindustani/ablation/hindustani_ab_49_Raag_Sawani_s001_composed.wav,584.71,10.0,82351461,composed,Khyāl (madhya jhaptāl)-2,74.776,1104.604,1029.828
hindustani_ab_49_Raag_Sawani_s002_composed,hindustani_49_Raag_Sawani,hindustani,/Users/prita/Desktop/Audio Fingerprinting/afp_bench/data/queries/hindustani/ablation/hindustani_ab_49_Raag_Sawani_s002_composed.wav,1208.295,10.0,3294640935,composed,Khyāl (dr̥t tīntāl)-3,1104.604,1322.162,217.558
hindustani_ab_4_Raag_Bhimpalasi_s000_alaap,hindustani_4_Raag_Bhimpalasi,hindustani,/Users/prita/Desktop/Audio Fingerprinting/afp_bench/data/queries/hindustani/ablation/hindustani_ab_4_Raag_Bhimpalasi_s000_alaap.wav,64.148,10.0,957973088,alaap,Ālāp-1,0.0,137.665,137.665
hindustani_ab_4_Raag_Bhimpalasi_s001_composed,hindustani_4_Raag_Bhimpalasi,hindustani,/Users/prita/Desktop/Audio Fingerprinting/afp_bench/data/queries/hindustani/ablation/hindustani_ab_4_Raag_Bhimpalasi_s001_composed.wav,708.797,10.0,2145543441,composed,Khyāl (vilambit jhūmrā)-2,137.665,1290.286,1152.621
hindustani_ab_4_Raag_Bhimpalasi_s002_composed,hindustani_4_Raag_Bhimpalasi,hindustani,/Users/prita/Desktop/Audio Fingerprinting/afp_bench/data/queries/hindustani/ablation/hindustani_ab_4_Raag_Bhimpalasi_s002_composed.wav,1425.103,10.0,2426168730,composed,Khyāl (madhya tīntāl)-3,1290.286,1569.332,279.046
hindustani_ab_4_Raag_Bhimpalasi_s003_composed,hindustani_4_Raag_Bhimpalasi,hindustani,/Users/prita/Desktop/Audio Fingerprinting/afp_bench/data/queries/hindustani/ablation/hindustani_ab_4_Raag_Bhimpalasi_s003_composed.wav,1733.32,10.0,2331488929,composed,Tarānā (dr̥t tīntāl)-4,1569.332,1985.387,416.055
hindustani_ab_50_Irani_Bhairavi_Thumri_s000_alaap,hindustani_50_Irani_Bhairavi_Thumri,hindustani,/Users/prita/Desktop/Audio Fingerprinting/afp_bench/data/queries/hindustani/ablation/hindustani_ab_50_Irani_Bhairavi_Thumri_s000_alaap.wav,43.899,10.0,2705804706,alaap,Ālāp-1,0.0,97.257,97.257
hindustani_ab_50_Irani_Bhairavi_Thumri_s001_composed,hindustani_50_Irani_Bhairavi_Thumri,hindustani,/Users/prita/Desktop/Audio Fingerprinting/afp_bench/data/queries/hindustani/ablation/hindustani_ab_50_Irani_Bhairavi_Thumri_s001_composed.wav,223.773,10.0,1541536216,composed,Ṭhumri (kēharvā)-2,97.257,360.307,263.05
hindustani_ab_51_Raag_Bairagi_s000_alaap,hindustani_51_Raag_Bairagi,hindustani,/Users/prita/Desktop/Audio Fingerprinting/afp_bench/data/queries/hindustani/ablation/hindustani_ab_51_Raag_Bairagi_s000_alaap.wav,48.362,10.0,173451926,alaap,Ālāp-1,0.0,106.487,106.487
hindustani_ab_51_Raag_Bairagi_s001_composed,hindustani_51_Raag_Bairagi,hindustani,/Users/prita/Desktop/Audio Fingerprinting/afp_bench/data/queries/hindustani/ablation/hindustani_ab_51_Raag_Bairagi_s001_composed.wav,921.268,10.0,562421701,composed,Khyāl (vilambit ēktāl)-2,106.487,1745.357,1638.87
hindustani_ab_51_Raag_Bairagi_s002_composed,hindustani_51_Raag_Bairagi,hindustani,/Users/prita/Desktop/Audio Fingerprinting/afp_bench/data/queries/hindustani/ablation/hindustani_ab_51_Raag_Bairagi_s002_composed.wav,2124.796,10.0,4133377900,composed,Khyāl (dr̥t tīntāl)-3,1745.357,2513.371,768.014
hindustani_ab_52_Raag_Saraswati_s000_alaap,hindustani_52_Raag_Saraswati,hindustani,/Users/prita/Desktop/Audio Fingerprinting/afp_bench/data/queries/hindustani/ablation/hindustani_ab_52_Raag_Saraswati_s000_alaap.wav,23.109,10.0,2119114814,alaap,Ālāp-1,0.0,55.575,55.575
hindustani_ab_52_Raag_Saraswati_s001_composed,hindustani_52_Raag_Saraswati,hindustani,/Users/prita/Desktop/Audio Fingerprinting/afp_bench/data/queries/hindustani/ablation/hindustani_ab_52_Raag_Saraswati_s001_composed.wav,417.889,10.0,4129743995,composed,Khyāl (dr̥t tīntāl)-2,55.575,790.047,734.472
hindustani_ab_54_Raag_Chandrakauns_s000_alaap,hindustani_54_Raag_Chandrakauns,hindustani,/Users/prita/Desktop/Audio Fingerprinting/afp_bench/data/queries/hindustani/ablation/hindustani_ab_54_Raag_Chandrakauns_s000_alaap.wav,20.797,10.0,388929896,alaap,Ālāp-1,0.0,50.7,50.7
hindustani_ab_54_Raag_Chandrakauns_s001_composed,hindustani_54_Raag_Chandrakauns,hindustani,/Users/prita/Desktop/Audio Fingerprinting/afp_bench/data/queries/hindustani/ablation/hindustani_ab_54_Raag_Chandrakauns_s001_composed.wav,139.613,10.0,3007562629,composed,Khyāl (madhya tīntāl)-2,50.7,239.008,188.308
hindustani_ab_55_Majh_Khamaj_Thumri_s000_alaap,hindustani_55_Majh_Khamaj_Thumri,hindustani,/Users/prita/Desktop/Audio Fingerprinting/afp_bench/data/queries/hindustani/ablation/hindustani_ab_55_Majh_Khamaj_Thumri_s000_alaap.wav,23.973,10.0,1681718755,alaap,Ālāp-1,0.0,58.317,58.317
hindustani_ab_55_Majh_Khamaj_Thumri_s001_composed,hindustani_55_Majh_Khamaj_Thumri,hindustani,/Users/prita/Desktop/Audio Fingerprinting/afp_bench/data/queries/hindustani/ablation/hindustani_ab_55_Majh_Khamaj_Thumri_s001_composed.wav,185.486,10.0,91541746,composed,Ṭhumri (madhya ādhā)-2,58.317,323.495,265.178
hindustani_ab_56_Raag_Malkauns_s000_alaap,hindustani_56_Raag_Malkauns,hindustani,/Users/prita/Desktop/Audio Fingerprinting/afp_bench/data/queries/hindustani/ablation/hindustani_ab_56_Raag_Malkauns_s000_alaap.wav,155.615,10.0,1840922915,alaap,Ālāp-1,0.0,321.535,321.535
hindustani_ab_56_Raag_Malkauns_s001_composed,hindustani_56_Raag_Malkauns,hindustani,/Users/prita/Desktop/Audio Fingerprinting/afp_bench/data/queries/hindustani/ablation/hindustani_ab_56_Raag_Malkauns_s001_composed.wav,1046.124,10.0,2444060904,composed,Khyāl (vilambit jhaptāl)-2,321.535,1780.286,1458.751
hindustani_ab_56_Raag_Malkauns_s002_composed,hindustani_56_Raag_Malkauns,hindustani,/Users/prita/Desktop/Audio Fingerprinting/afp_bench/data/queries/hindustani/ablation/hindustani_ab_56_Raag_Malkauns_s002_composed.wav,1881.653,10.0,3633872092,composed,Khyāl (madhya tīntāl)-3,1780.286,1992.191,211.905
hindustani_ab_56_Raag_Malkauns_s003_composed,hindustani_56_Raag_Malkauns,hindustani,/Users/prita/Desktop/Audio Fingerprinting/afp_bench/data/queries/hindustani/ablation/hindustani_ab_56_Raag_Malkauns_s003_composed.wav,2150.649,10.0,2623806986,composed,Khyāl (dr̥t tīntāl)-4,1992.191,2318.49,326.299
hindustani_ab_57_Raag_Hameer_s000_alaap,hindustani_57_Raag_Hameer,hindustani,/Users/prita/Desktop/Audio Fingerprinting/afp_bench/data/queries/hindustani/ablation/hindustani_ab_57_Raag_Hameer_s000_alaap.wav,33.896,10.0,1781302895,alaap,Ālāp-1,0.0,77.673,77.673
hindustani_ab_57_Raag_Hameer_s001_composed,hindustani_57_Raag_Hameer,hindustani,/Users/prita/Desktop/Audio Fingerprinting/afp_bench/data/queries/hindustani/ablation/hindustani_ab_57_Raag_Hameer_s001_composed.wav,357.31,10.0,707748392,composed,Khyāl (madhya jhaptāl)-2,77.673,646.135,568.462
hindustani_ab_57_Raag_Hameer_s002_composed,hindustani_57_Raag_Hameer,hindustani,/Users/prita/Desktop/Audio Fingerprinting/afp_bench/data/queries/hindustani/ablation/hindustani_ab_57_Raag_Hameer_s002_composed.wav,768.327,10.0,1834427793,composed,Khyāl (dr̥t ēktāl)-3,646.135,901.146,255.011
hindustani_ab_58_Raag_Jog_s000_alaap,hindustani_58_Raag_Jog,hindustani,/Users/prita/Desktop/Audio Fingerprinting/afp_bench/data/queries/hindustani/ablation/hindustani_ab_58_Raag_Jog_s000_alaap.wav,56.366,10.0,1886341675,alaap,Ālāp-1,0.0,122.694,122.694
hindustani_ab_58_Raag_Jog_s001_composed,hindustani_58_Raag_Jog,hindustani,/Users/prita/Desktop/Audio Fingerprinting/afp_bench/data/queries/hindustani/ablation/hindustani_ab_58_Raag_Jog_s001_composed.wav,771.931,10.0,157365691,composed,Khyāl (vilambit ēktāl)-2,122.694,1431.887,1309.193
hindustani_ab_58_Raag_Jog_s002_composed,hindustani_58_Raag_Jog,hindustani,/Users/prita/Desktop/Audio Fingerprinting/afp_bench/data/queries/hindustani/ablation/hindustani_ab_58_Raag_Jog_s002_composed.wav,1718.167,10.0,958971211,composed,Khyāl (dr̥t tīntāl)-3,1431.887,2013.492,581.605
hindustani_ab_59_Bairagi_s000_alaap,hindustani_59_Bairagi,hindustani,/Users/prita/Desktop/Audio Fingerprinting/afp_bench/data/queries/hindustani/ablation/hindustani_ab_59_Bairagi_s000_alaap.wav,26.799,10.0,2794799932,alaap,Ālāp-1,3.298,59.49,56.192
hindustani_ab_59_Bairagi_s001_composed,hindustani_59_Bairagi,hindustani,/Users/prita/Desktop/Audio Fingerprinting/afp_bench/data/queries/hindustani/ablation/hindustani_ab_59_Bairagi_s001_composed.wav,364.631,10.0,2932079938,composed,Khyāl (vilambit ēktāl)-2,59.49,679.834,620.344
hindustani_ab_59_Bairagi_s002_composed,hindustani_59_Bairagi,hindustani,/Users/prita/Desktop/Audio Fingerprinting/afp_bench/data/queries/hindustani/ablation/hindustani_ab_59_Bairagi_s002_composed.wav,783.984,10.0,1161906953,composed,Khyāl (dr̥t ēktāl)-3,679.834,898.664,218.83
hindustani_ab_5_Raag_Kalyan_s000_alaap,hindustani_5_Raag_Kalyan,hindustani,/Users/prita/Desktop/Audio Fingerprinting/afp_bench/data/queries/hindustani/ablation/hindustani_ab_5_Raag_Kalyan_s000_alaap.wav,50.767,10.0,3779859452,alaap,Ālāp-1,0.0,111.526,111.526
hindustani_ab_5_Raag_Kalyan_s001_composed,hindustani_5_Raag_Kalyan,hindustani,/Users/prita/Desktop/Audio Fingerprinting/afp_bench/data/queries/hindustani/ablation/hindustani_ab_5_Raag_Kalyan_s001_composed.wav,759.049,10.0,499167810,composed,Khyāl (vilambit jhūmrā)-2,111.526,1415.755,1304.229
hindustani_ab_5_Raag_Kalyan_s002_composed,hindustani_5_Raag_Kalyan,hindustani,/Users/prita/Desktop/Audio Fingerprinting/afp_bench/data/queries/hindustani/ablation/hindustani_ab_5_Raag_Kalyan_s002_composed.wav,1719.02,10.0,2357146779,composed,Khyāl (dr̥t tīntāl)-3,1415.755,2032.091,616.336
hindustani_ab_62_Malkauns_s000_alaap,hindustani_62_Malkauns,hindustani,/Users/prita/Desktop/Audio Fingerprinting/afp_bench/data/queries/hindustani/ablation/hindustani_ab_62_Malkauns_s000_alaap.wav,9.582,10.0,1495120988,alaap,Ālāp-1,0.0,29.694,29.694
hindustani_ab_62_Malkauns_s001_composed,hindustani_62_Malkauns,hindustani,/Users/prita/Desktop/Audio Fingerprinting/afp_bench/data/queries/hindustani/ablation/hindustani_ab_62_Malkauns_s001_composed.wav,124.462,10.0,849031557,composed,Khyāl (vilambit ēktāl)-2,29.694,228.647,198.953
hindustani_ab_62_Malkauns_s002_composed,hindustani_62_Malkauns,hindustani,/Users/prita/Desktop/Audio Fingerprinting/afp_bench/data/queries/hindustani/ablation/hindustani_ab_62_Malkauns_s002_composed.wav,275.926,10.0,3239369750,composed,Tarānā (dr̥t tīntāl)-3,228.647,332.826,104.179
hindustani_ab_63_Multani_s000_alaap,hindustani_63_Multani,hindustani,/Users/prita/Desktop/Audio Fingerprinting/afp_bench/data/queries/hindustani/ablation/hindustani_ab_63_Multani_s000_alaap.wav,33.326,10.0,2760194719,alaap,Ālāp-1,0.131,77.278,77.147
hindustani_ab_63_Multani_s001_composed,hindustani_63_Multani,hindustani,/Users/prita/Desktop/Audio Fingerprinting/afp_bench/data/queries/hindustani/ablation/hindustani_ab_63_Multani_s001_composed.wav,225.429,10.0,785843013,composed,Khyāl (madhya tīntāl)-2,77.278,383.543,306.265
hindustani_ab_63_Multani_s002_composed,hindustani_63_Multani,hindustani,/Users/prita/Desktop/Audio Fingerprinting/afp_bench/data/queries/hindustani/ablation/hindustani_ab_63_Multani_s002_composed.wav,519.334,10.0,1479004665,composed,Khyāl (dr̥t tīntāl)-3,383.543,665.234,281.691
hindustani_ab_64_Todi_s000_alaap,hindustani_64_Todi,hindustani,/Users/prita/Desktop/Audio Fingerprinting/afp_bench/data/queries/hindustani/ablation/hindustani_ab_64_Todi_s000_alaap.wav,28.876,10.0,361448107,alaap,Ālāp-1,2.508,64.663,62.155
hindustani_ab_64_Todi_s001_composed,hindustani_64_Todi,hindustani,/Users/prita/Desktop/Audio Fingerprinting/afp_bench/data/queries/hindustani/ablation/hindustani_ab_64_Todi_s001_composed.wav,221.937,10.0,2114070097,composed,Khyāl (vilambit jhūmrā)-2,64.663,388.898,324.235
hindustani_ab_64_Todi_s002_composed,hindustani_64_Todi,hindustani,/Users/prita/Desktop/Audio Fingerprinting/afp_bench/data/queries/hindustani/ablation/hindustani_ab_64_Todi_s002_composed.wav,459.647,10.0,775290791,composed,Khyāl (dr̥t tīntāl)-3,388.898,540.97,152.072
hindustani_ab_65_Nat_Bhairon_s000_alaap,hindustani_65_Nat_Bhairon,hindustani,/Users/prita/Desktop/Audio Fingerprinting/afp_bench/data/queries/hindustani/ablation/hindustani_ab_65_Nat_Bhairon_s000_alaap.wav,30.383,10.0,2175598273,alaap,Ālāp-1,1.559,70.131,68.572
hindustani_ab_65_Nat_Bhairon_s001_composed,hindustani_65_Nat_Bhairon,hindustani,/Users/prita/Desktop/Audio Fingerprinting/afp_bench/data/queries/hindustani/ablation/hindustani_ab_65_Nat_Bhairon_s001_composed.wav,221.405,10.0,3951779520,composed,Khyāl (vilambit jhūmrā)-2,70.131,382.824,312.693
hindustani_ab_65_Nat_Bhairon_s002_composed,hindustani_65_Nat_Bhairon,hindustani,/Users/prita/Desktop/Audio Fingerprinting/afp_bench/data/queries/hindustani/ablation/hindustani_ab_65_Nat_Bhairon_s002_composed.wav,440.76,10.0,1180795100,composed,Khyāl (madhya tīntāl)-3,382.824,509.25,126.426
hindustani_ab_65_Nat_Bhairon_s003_composed,hindustani_65_Nat_Bhairon,hindustani,/Users/prita/Desktop/Audio Fingerprinting/afp_bench/data/queries/hindustani/ablation/hindustani_ab_65_Nat_Bhairon_s003_composed.wav,568.608,10.0,887015237,composed,Khyāl (dr̥t ēktāl)-4,509.25,637.78,128.53
hindustani_ab_66_Aahir_Bhairon_s000_alaap,hindustani_66_Aahir_Bhairon,hindustani,/Users/prita/Desktop/Audio Fingerprinting/afp_bench/data/queries/hindustani/ablation/hindustani_ab_66_Aahir_Bhairon_s000_alaap.wav,34.187,10.0,321732280,alaap,Ālāp-1,2.873,76.231,73.358
hindustani_ab_66_Aahir_Bhairon_s001_composed,hindustani_66_Aahir_Bhairon,hindustani,/Users/prita/Desktop/Audio Fingerprinting/afp_bench/data/queries/hindustani/ablation/hindustani_ab_66_Aahir_Bhairon_s001_composed.wav,249.814,10.0,1928779284,composed,Khyāl (vilambit jhaptāl)-2,76.231,434.041,357.81
hindustani_ab_66_Aahir_Bhairon_s002_composed,hindustani_66_Aahir_Bhairon,hindustani,/Users/prita/Desktop/Audio Fingerprinting/afp_bench/data/queries/hindustani/ablation/hindustani_ab_66_Aahir_Bhairon_s002_composed.wav,506.726,10.0,2353962555,composed,Khyāl (dr̥t tīntāl)-3,434.041,588.904,154.863
hindustani_ab_67_Sudh_Sarang_s000_alaap,hindustani_67_Sudh_Sarang,hindustani,/Users/prita/Desktop/Audio Fingerprinting/afp_bench/data/queries/hindustani/ablation/hindustani_ab_67_Sudh_Sarang_s000_alaap.wav,26.127,10.0,3042285872,alaap,Ālāp-1,0.0,62.163,62.163
hindustani_ab_67_Sudh_Sarang_s001_composed,hindustani_67_Sudh_Sarang,hindustani,/Users/prita/Desktop/Audio Fingerprinting/afp_bench/data/queries/hindustani/ablation/hindustani_ab_67_Sudh_Sarang_s001_composed.wav,321.701,10.0,2540248474,composed,Khyāl (vilambit ēktāl)-2,62.163,591.029,528.866
hindustani_ab_67_Sudh_Sarang_s002_composed,hindustani_67_Sudh_Sarang,hindustani,/Users/prita/Desktop/Audio Fingerprinting/afp_bench/data/queries/hindustani/ablation/hindustani_ab_67_Sudh_Sarang_s002_composed.wav,692.45,10.0,696233393,composed,Khyāl (dr̥t tīntāl)-3,591.029,804.754,213.725
hindustani_ab_68_Raageshree_s000_alaap,hindustani_68_Raageshree,hindustani,/Users/prita/Desktop/Audio Fingerprinting/afp_bench/data/queries/hindustani/ablation/hindustani_ab_68_Raageshree_s000_alaap.wav,27.772,10.0,2354111029,alaap,Ālāp-1,2.482,62.621,60.139
hindustani_ab_68_Raageshree_s001_composed,hindustani_68_Raageshree,hindustani,/Users/prita/Desktop/Audio Fingerprinting/afp_bench/data/queries/hindustani/ablation/hindustani_ab_68_Raageshree_s001_composed.wav,206.051,10.0,1083137564,composed,Khyāl (vilambit jhūmrā)-2,62.621,360.212,297.591
hindustani_ab_68_Raageshree_s002_composed,hindustani_68_Raageshree,hindustani,/Users/prita/Desktop/Audio Fingerprinting/afp_bench/data/queries/hindustani/ablation/hindustani_ab_68_Raageshree_s002_composed.wav,420.858,10.0,1101563433,composed,Khyāl (dr̥t tīntāl)-3,360.212,491.86,131.648
hindustani_ab_69_Sudh_Kalyan_s000_alaap,hindustani_69_Sudh_Kalyan,hindustani,/Users/prita/Desktop/Audio Fingerprinting/afp_bench/data/queries/hindustani/ablation/hindustani_ab_69_Sudh_Kalyan_s000_alaap.wav,47.914,10.0,1468384499,alaap,Ālāp-1,0.0,106.823,106.823
hindustani_ab_69_Sudh_Kalyan_s001_composed,hindustani_69_Sudh_Kalyan,hindustani,/Users/prita/Desktop/Audio Fingerprinting/afp_bench/data/queries/hindustani/ablation/hindustani_ab_69_Sudh_Kalyan_s001_composed.wav,373.631,10.0,133071323,composed,Khyāl (vilambit ēktāl)-2,106.823,649.829,543.006
hindustani_ab_69_Sudh_Kalyan_s002_composed,hindustani_69_Sudh_Kalyan,hindustani,/Users/prita/Desktop/Audio Fingerprinting/afp_bench/data/queries/hindustani/ablation/hindustani_ab_69_Sudh_Kalyan_s002_composed.wav,771.545,10.0,3989899215,composed,Khyāl (dr̥t tīntāl)-3,649.829,902.844,253.015
hindustani_ab_6_Bhairavi_Bhajan_s000_alaap,hindustani_6_Bhairavi_Bhajan,hindustani,/Users/prita/Desktop/Audio Fingerprinting/afp_bench/data/queries/hindustani/ablation/hindustani_ab_6_Bhairavi_Bhajan_s000_alaap.wav,19.71,10.0,681198135,alaap,Ālāp-1,0.0,49.437,49.437
hindustani_ab_6_Bhairavi_Bhajan_s001_composed,hindustani_6_Bhairavi_Bhajan,hindustani,/Users/prita/Desktop/Audio Fingerprinting/afp_bench/data/queries/hindustani/ablation/hindustani_ab_6_Bhairavi_Bhajan_s001_composed.wav,329.037,10.0,2573894477,composed,Bhajan (madhya rūpak)-2,49.437,618.22,568.783
hindustani_ab_6_Bhairavi_Bhajan_s002_composed,hindustani_6_Bhairavi_Bhajan,hindustani,/Users/prita/Desktop/Audio Fingerprinting/afp_bench/data/queries/hindustani/ablation/hindustani_ab_6_Bhairavi_Bhajan_s002_composed.wav,874.132,10.0,1490484728,composed,Khyāl (madhya kēharvā)-4,859.324,943.508,84.184
hindustani_ab_71_Bilaskhani_Todi_s000_alaap,hindustani_71_Bilaskhani_Todi,hindustani,/Users/prita/Desktop/Audio Fingerprinting/afp_bench/data/queries/hindustani/ablation/hindustani_ab_71_Bilaskhani_Todi_s000_alaap.wav,43.016,10.0,315551789,alaap,Ālāp-1,3.854,91.765,87.911
hindustani_ab_71_Bilaskhani_Todi_s001_composed,hindustani_71_Bilaskhani_Todi,hindustani,/Users/prita/Desktop/Audio Fingerprinting/afp_bench/data/queries/hindustani/ablation/hindustani_ab_71_Bilaskhani_Todi_s001_composed.wav,361.931,10.0,2222383220,composed,Khyāl (vilambit tīntāl)-2,91.765,642.426,550.661
hindustani_ab_71_Bilaskhani_Todi_s002_composed,hindustani_71_Bilaskhani_Todi,hindustani,/Users/prita/Desktop/Audio Fingerprinting/afp_bench/data/queries/hindustani/ablation/hindustani_ab_71_Bilaskhani_Todi_s002_composed.wav,742.581,10.0,2820034111,composed,Khyāl (dr̥t tīntāl)-3,642.426,853.734,211.308
hindustani_ab_72_Maru_Bihag_s000_alaap,hindustani_72_Maru_Bihag,hindustani,/Users/prita/Desktop/Audio Fingerprinting/afp_bench/data/queries/hindustani/ablation/hindustani_ab_72_Maru_Bihag_s000_alaap.wav,25.97,10.0,4231556130,alaap,Ālāp-1,0.279,61.388,61.109
hindustani_ab_72_Maru_Bihag_s001_composed,hindustani_72_Maru_Bihag,hindustani,/Users/prita/Desktop/Audio Fingerprinting/afp_bench/data/queries/hindustani/ablation/hindustani_ab_72_Maru_Bihag_s001_composed.wav,382.786,10.0,3988083529,composed,Khyāl (vilambit ēktāl)-2,61.388,713.535,652.147
hindustani_ab_72_Maru_Bihag_s002_composed,hindustani_72_Maru_Bihag,hindustani,/Users/prita/Desktop/Audio Fingerprinting/afp_bench/data/queries/hindustani/ablation/hindustani_ab_72_Maru_Bihag_s002_composed.wav,831.856,10.0,2256834553,composed,Khyāl (dr̥t tīntāl)-3,713.535,961.097,247.562
hindustani_ab_73_Kalavati_s000_alaap,hindustani_73_Kalavati,hindustani,/Users/prita/Desktop/Audio Fingerprinting/afp_bench/data/queries/hindustani/ablation/hindustani_ab_73_Kalavati_s000_alaap.wav,9.798,10.0,3223794413,alaap,Ālāp-0,0.718,28.943,28.225
hindustani_ab_73_Kalavati_s001_composed,hindustani_73_Kalavati,hindustani,/Users/prita/Desktop/Audio Fingerprinting/afp_bench/data/queries/hindustani/ablation/hindustani_ab_73_Kalavati_s001_composed.wav,108.777,10.0,2610389851,composed,Khyāl (madhya rūpak)-1,28.943,198.043,169.1
hindustani_ab_73_Kalavati_s002_composed,hindustani_73_Kalavati,hindustani,/Users/prita/Desktop/Audio Fingerprinting/afp_bench/data/queries/hindustani/ablation/hindustani_ab_73_Kalavati_s002_composed.wav,265.813,10.0,1676093773,composed,Khyāl (dr̥t tīntāl)-0,198.043,343.589,145.546
hindustani_ab_74_Raag_Marwa_s000_alaap,hindustani_74_Raag_Marwa,hindustani,/Users/prita/Desktop/Audio Fingerprinting/afp_bench/data/queries/hindustani/ablation/hindustani_ab_74_Raag_Marwa_s000_alaap.wav,66.159,10.0,2049470733,alaap,Ālāp-1,0.0,141.48,141.48
hindustani_ab_74_Raag_Marwa_s001_composed,hindustani_74_Raag_Marwa,hindustani,/Users/prita/Desktop/Audio Fingerprinting/afp_bench/data/queries/hindustani/ablation/hindustani_ab_74_Raag_Marwa_s001_composed.wav,773.146,10.0,1403937802,composed,Khyāl (vilambit ēktāl)-2,141.48,1415.28,1273.8
hindustani_ab_74_Raag_Marwa_s002_composed,hindustani_74_Raag_Marwa,hindustani,/Users/prita/Desktop/Audio Fingerprinting/afp_bench/data/queries/hindustani/ablation/hindustani_ab_74_Raag_Marwa_s002_composed.wav,1722.55,10.0,260176919,composed,Khyāl (dr̥t ēktāl)-3,1415.28,2039.736,624.456
hindustani_ab_75_Raag_Hameer_s000_alaap,hindustani_75_Raag_Hameer,hindustani,/Users/prita/Desktop/Audio Fingerprinting/afp_bench/data/queries/hindustani/ablation/hindustani_ab_75_Raag_Hameer_s000_alaap.wav,62.689,10.0,1663432497,alaap,Ālāp-1,0.0,135.03,135.03
hindustani_ab_75_Raag_Hameer_s001_composed,hindustani_75_Raag_Hameer,hindustani,/Users/prita/Desktop/Audio Fingerprinting/afp_bench/data/queries/hindustani/ablation/hindustani_ab_75_Raag_Hameer_s001_composed.wav,531.577,10.0,4242560759,composed,Khyāl (dr̥t tīntāl)-2,135.03,937.701,802.671
hindustani_ab_75_Raag_Hameer_s002_composed,hindustani_75_Raag_Hameer,hindustani,/Users/prita/Desktop/Audio Fingerprinting/afp_bench/data/queries/hindustani/ablation/hindustani_ab_75_Raag_Hameer_s002_composed.wav,1029.902,10.0,1922244092,composed,Khyāl (dr̥t tīntāl)-3,937.701,1131.576,193.875
hindustani_ab_76_Raag_Ahir_Bhairon_s000_alaap,hindustani_76_Raag_Ahir_Bhairon,hindustani,/Users/prita/Desktop/Audio Fingerprinting/afp_bench/data/queries/hindustani/ablation/hindustani_ab_76_Raag_Ahir_Bhairon_s000_alaap.wav,142.989,10.0,20845125,alaap,Ālāp-1,0.0,295.826,295.826
hindustani_ab_76_Raag_Ahir_Bhairon_s001_composed,hindustani_76_Raag_Ahir_Bhairon,hindustani,/Users/prita/Desktop/Audio Fingerprinting/afp_bench/data/queries/hindustani/ablation/hindustani_ab_76_Raag_Ahir_Bhairon_s001_composed.wav,1119.378,10.0,193612794,composed,Khyāl (vilambit tilavāḍā)-2,295.826,1952.457,1656.631
hindustani_ab_76_Raag_Ahir_Bhairon_s002_composed,hindustani_76_Raag_Ahir_Bhairon,hindustani,/Users/prita/Desktop/Audio Fingerprinting/afp_bench/data/queries/hindustani/ablation/hindustani_ab_76_Raag_Ahir_Bhairon_s002_composed.wav,2153.505,10.0,3607145783,composed,Khyāl (madhya ēktāl)-3,1952.457,2365.153,412.696
hindustani_ab_77_Raag_Todi_s000_alaap,hindustani_77_Raag_Todi,hindustani,/Users/prita/Desktop/Audio Fingerprinting/afp_bench/data/queries/hindustani/ablation/hindustani_ab_77_Raag_Todi_s000_alaap.wav,135.844,10.0,3956763970,alaap,Ālāp-1,0.0,281.473,281.473
hindustani_ab_77_Raag_Todi_s001_composed,hindustani_77_Raag_Todi,hindustani,/Users/prita/Desktop/Audio Fingerprinting/afp_bench/data/queries/hindustani/ablation/hindustani_ab_77_Raag_Todi_s001_composed.wav,538.804,10.0,184568810,composed,Khyāl (madhya tīntāl)-2,281.473,805.901,524.428
hindustani_ab_77_Raag_Todi_s002_composed,hindustani_77_Raag_Todi,hindustani,/Users/prita/Desktop/Audio Fingerprinting/afp_bench/data/queries/hindustani/ablation/hindustani_ab_77_Raag_Todi_s002_composed.wav,925.639,10.0,2461689784,composed,Khyāl (dr̥t tīntāl)-3,805.901,1056.183,250.282
hindustani_ab_78_Raag_Poorva_s000_alaap,hindustani_78_Raag_Poorva,hindustani,/Users/prita/Desktop/Audio Fingerprinting/afp_bench/data/queries/hindustani/ablation/hindustani_ab_78_Raag_Poorva_s000_alaap.wav,83.748,10.0,2603333559,alaap,Ālāp-1,0.0,177.029,177.029
hindustani_ab_78_Raag_Poorva_s001_composed,hindustani_78_Raag_Poorva,hindustani,/Users/prita/Desktop/Audio Fingerprinting/afp_bench/data/queries/hindustani/ablation/hindustani_ab_78_Raag_Poorva_s001_composed.wav,978.217,10.0,118728082,composed,Khyāl (vilambit tīntāl)-1,177.029,1789.7,1612.671
hindustani_ab_78_Raag_Poorva_s002_composed,hindustani_78_Raag_Poorva,hindustani,/Users/prita/Desktop/Audio Fingerprinting/afp_bench/data/queries/hindustani/ablation/hindustani_ab_78_Raag_Poorva_s002_composed.wav,2362.741,10.0,2073014737,composed,Khyāl (dr̥t tīntāl)-1,1789.7,2945.228,1155.528
hindustani_ab_79_Raag_Gaud_Malhar_s000_alaap,hindustani_79_Raag_Gaud_Malhar,hindustani,/Users/prita/Desktop/Audio Fingerprinting/afp_bench/data/queries/hindustani/ablation/hindustani_ab_79_Raag_Gaud_Malhar_s000_alaap.wav,43.729,10.0,2913074334,alaap,Ālāp-1,0.0,97.208,97.208
hindustani_ab_79_Raag_Gaud_Malhar_s001_composed,hindustani_79_Raag_Gaud_Malhar,hindustani,/Users/prita/Desktop/Audio Fingerprinting/afp_bench/data/queries/hindustani/ablation/hindustani_ab_79_Raag_Gaud_Malhar_s001_composed.wav,370.975,10.0,4129262208,composed,Khyāl (dr̥t tīntāl)-2,97.208,654.826,557.618
hindustani_ab_79_Raag_Gaud_Malhar_s002_composed,hindustani_79_Raag_Gaud_Malhar,hindustani,/Users/prita/Desktop/Audio Fingerprinting/afp_bench/data/queries/hindustani/ablation/hindustani_ab_79_Raag_Gaud_Malhar_s002_composed.wav,798.37,10.0,132794889,composed,Tarānā (dr̥t tīntāl)-3,654.826,952.189,297.363
hindustani_ab_7_Raag_Bageshree_s000_alaap,hindustani_7_Raag_Bageshree,hindustani,/Users/prita/Desktop/Audio Fingerprinting/afp_bench/data/queries/hindustani/ablation/hindustani_ab_7_Raag_Bageshree_s000_alaap.wav,114.113,10.0,378015773,alaap,Ālāp-1,0.0,237.656,237.656
hindustani_ab_7_Raag_Bageshree_s001_composed,hindustani_7_Raag_Bageshree,hindustani,/Users/prita/Desktop/Audio Fingerprinting/afp_bench/data/queries/hindustani/ablation/hindustani_ab_7_Raag_Bageshree_s001_composed.wav,909.626,10.0,1912348707,composed,Khyāl (vilambit ēktāl)-2,237.656,1591.194,1353.538
hindustani_ab_7_Raag_Bageshree_s002_composed,hindustani_7_Raag_Bageshree,hindustani,/Users/prita/Desktop/Audio Fingerprinting/afp_bench/data/queries/hindustani/ablation/hindustani_ab_7_Raag_Bageshree_s002_composed.wav,1788.725,10.0,2677172992,composed,Khyāl (dr̥t ēktāl)-3,1591.194,1995.82,404.626
hindustani_ab_7_Raag_Bageshree_s003_composed,hindustani_7_Raag_Bageshree,hindustani,/Users/prita/Desktop/Audio Fingerprinting/afp_bench/data/queries/hindustani/ablation/hindustani_ab_7_Raag_Bageshree_s003_composed.wav,2140.034,10.0,2092025178,composed,Tarānā (dr̥t tīntāl)-4,1995.82,2465.844,470.024
hindustani_ab_80_Bhairavi_Dadra_s000_alaap,hindustani_80_Bhairavi_Dadra,hindustani,/Users/prita/Desktop/Audio Fingerprinting/afp_bench/data/queries/hindustani/ablation/hindustani_ab_80_Bhairavi_Dadra_s000_alaap.wav,40.746,10.0,1834554477,alaap,Ālāp-1,0.0,91.755,91.755
hindustani_ab_80_Bhairavi_Dadra_s001_composed,hindustani_80_Bhairavi_Dadra,hindustani,/Users/prita/Desktop/Audio Fingerprinting/afp_bench/data/queries/hindustani/ablation/hindustani_ab_80_Bhairavi_Dadra_s001_composed.wav,341.408,10.0,3306682915,composed,Dādrā (madhya dādrā)-2,91.755,601.548,509.793
hindustani_ab_81_Raag_Bihag_s000_alaap,hindustani_81_Raag_Bihag,hindustani,/Users/prita/Desktop/Audio Fingerprinting/afp_bench/data/queries/hindustani/ablation/hindustani_ab_81_Raag_Bihag_s000_alaap.wav,150.243,10.0,1741030443,alaap,Ālāp-1,0.0,310.775,310.775
hindustani_ab_81_Raag_Bihag_s001_composed,hindustani_81_Raag_Bihag,hindustani,/Users/prita/Desktop/Audio Fingerprinting/afp_bench/data/queries/hindustani/ablation/hindustani_ab_81_Raag_Bihag_s001_composed.wav,1111.788,10.0,3676679186,composed,Khyāl (vilambit tilavāḍā)-2,310.775,1923.575,1612.8
hindustani_ab_81_Raag_Bihag_s002_composed,hindustani_81_Raag_Bihag,hindustani,/Users/prita/Desktop/Audio Fingerprinting/afp_bench/data/queries/hindustani/ablation/hindustani_ab_81_Raag_Bihag_s002_composed.wav,2121.657,10.0,4233173734,composed,Khyāl (dr̥t tīntāl)-3,1923.575,2329.228,405.653
hindustani_ab_81_Raag_Bihag_s003_composed,hindustani_81_Raag_Bihag,hindustani,/Users/prita/Desktop/Audio Fingerprinting/afp_bench/data/queries/hindustani/ablation/hindustani_ab_81_Raag_Bihag_s003_composed.wav,2417.948,10.0,2505151461,composed,Tarānā (dr̥t tīntāl)-4,2329.228,2517.055,187.827
hindustani_ab_82_Raag_Paraj_s000_alaap,hindustani_82_Raag_Paraj,hindustani,/Users/prita/Desktop/Audio Fingerprinting/afp_bench/data/queries/hindustani/ablation/hindustani_ab_82_Raag_Paraj_s000_alaap.wav,62.59,10.0,3581639820,alaap,Ālāp-1,0.0,135.047,135.047
hindustani_ab_82_Raag_Paraj_s001_composed,hindustani_82_Raag_Paraj,hindustani,/Users/prita/Desktop/Audio Fingerprinting/afp_bench/data/queries/hindustani/ablation/hindustani_ab_82_Raag_Paraj_s001_composed.wav,519.665,10.0,3760764457,composed,Khyāl (dr̥t tīntāl)-2,135.047,913.476,778.429
hindustani_ab_83_Raag_Bhoopali_s000_alaap,hindustani_83_Raag_Bhoopali,hindustani,/Users/prita/Desktop/Audio Fingerprinting/afp_bench/data/queries/hindustani/ablation/hindustani_ab_83_Raag_Bhoopali_s000_alaap.wav,119.986,10.0,3070239558,alaap,Ālāp-1,0.0,249.823,249.823
hindustani_ab_83_Raag_Bhoopali_s001_composed,hindustani_83_Raag_Bhoopali,hindustani,/Users/prita/Desktop/Audio Fingerprinting/afp_bench/data/queries/hindustani/ablation/hindustani_ab_83_Raag_Bhoopali_s001_composed.wav,1127.897,10.0,2383367862,composed,Khyāl (vilambit tilavāḍā)-2,249.823,2016.932,1767.109
hindustani_ab_83_Raag_Bhoopali_s002_composed,hindustani_83_Raag_Bhoopali,hindustani,/Users/prita/Desktop/Audio Fingerprinting/afp_bench/data/queries/hindustani/ablation/hindustani_ab_83_Raag_Bhoopali_s002_composed.wav,2514.385,10.0,1963759081,composed,Tarānā (dr̥t tīntāl)-3,2016.932,3022.42,1005.488
hindustani_ab_84_Raag_Kedar_s000_alaap,hindustani_84_Raag_Kedar,hindustani,/Users/prita/Desktop/Audio Fingerprinting/afp_bench/data/queries/hindustani/ablation/hindustani_ab_84_Raag_Kedar_s000_alaap.wav,141.187,10.0,2734939983,alaap,Ālāp-1,0.0,291.624,291.624
hindustani_ab_84_Raag_Kedar_s001_composed,hindustani_84_Raag_Kedar,hindustani,/Users/prita/Desktop/Audio Fingerprinting/afp_bench/data/queries/hindustani/ablation/hindustani_ab_84_Raag_Kedar_s001_composed.wav,1019.602,10.0,2605694113,composed,Khyāl (vilambit tilavāḍā)-2,291.624,1758.571,1466.947
hindustani_ab_84_Raag_Kedar_s002_composed,hindustani_84_Raag_Kedar,hindustani,/Users/prita/Desktop/Audio Fingerprinting/afp_bench/data/queries/hindustani/ablation/hindustani_ab_84_Raag_Kedar_s002_composed.wav,2008.161,10.0,3460219158,composed,Khyāl (dr̥t ēktāl)-3,1758.571,2267.318,508.747
hindustani_ab_84_Raag_Kedar_s003_composed,hindustani_84_Raag_Kedar,hindustani,/Users/prita/Desktop/Audio Fingerprinting/afp_bench/data/queries/hindustani/ablation/hindustani_ab_84_Raag_Kedar_s003_composed.wav,2440.023,10.0,1807616219,composed,Tarānā (dr̥t tīntāl)-4,2267.318,2622.903,355.585
hindustani_ab_85_Raag_Sohani_s000_alaap,hindustani_85_Raag_Sohani,hindustani,/Users/prita/Desktop/Audio Fingerprinting/afp_bench/data/queries/hindustani/ablation/hindustani_ab_85_Raag_Sohani_s000_alaap.wav,57.114,10.0,190384132,alaap,Ālāp-1,0.0,123.344,123.344
hindustani_ab_85_Raag_Sohani_s001_composed,hindustani_85_Raag_Sohani,hindustani,/Users/prita/Desktop/Audio Fingerprinting/afp_bench/data/queries/hindustani/ablation/hindustani_ab_85_Raag_Sohani_s001_composed.wav,395.618,10.0,878390759,composed,Khyāl (madhya tīntāl)-2,123.344,678.243,554.899
