query_id,ref_id,corpus,audio_path,offset_sec,length_sec,seed,has_twin_in_library
hindustani_t0000_q0,hindustani_0_Raag_Shree,hindustani,/Users/prita/Desktop/Audio Fingerprinting/afp_bench/data/queries_44k/hindustani/hindustani_t0000_q0.wav,514.196,10.0,993916075,True
hindustani_t0000_q1,hindustani_0_Raag_Shree,hindustani,/Users/prita/Desktop/Audio Fingerprinting/afp_bench/data/queries_44k/hindustani/hindustani_t0000_q1.wav,1017.639,10.0,993916075,True
hindustani_t0000_q2,hindustani_0_Raag_Shree,hindustani,/Users/prita/Desktop/Audio Fingerprinting/afp_bench/data/queries_44k/hindustani/hindustani_t0000_q2.wav,1522.175,10.0,993916075,True
hindustani_t0000_q3,hindustani_0_Raag_Shree,hindustani,/Users/prita/Desktop/Audio Fingerprinting/afp_bench/data/queries_44k/hindustani/hindustani_t0000_q3.wav,2026.139,10.0,993916075,True
hindustani_t0000_q4,hindustani_0_Raag_Shree,hindustani,/Users/prita/Desktop/Audio Fingerprinting/afp_bench/data/queries_44k/hindustani/hindustani_t0000_q4.wav,2529.46,10.0,993916075,True
hindustani_t0001_q0,hindustani_100_Raga_Shree_-_Khayal,hindustani,/Users/prita/Desktop/Audio Fingerprinting/afp_bench/data/queries_44k/hindustani/hindustani_t0001_q0.wav,497.286,10.0,1942611635,True
hindustani_t0001_q1,hindustani_100_Raga_Shree_-_Khayal,hindustani,/Users/prita/Desktop/Audio Fingerprinting/afp_bench/data/queries_44k/hindustani/hindustani_t0001_q1.wav,983.695,10.0,1942611635,True
hindustani_t0001_q2,hindustani_100_Raga_Shree_-_Khayal,hindustani,/Users/prita/Desktop/Audio Fingerprinting/afp_bench/data/queries_44k/hindustani/hindustani_t0001_q2.wav,1470.346,10.0,1942611635,True
hindustani_t0001_q3,hindustani_100_Raga_Shree_-_Khayal,hindustani,/Users/prita/Desktop/Audio Fingerprinting/afp_bench/data/queries_44k/hindustani/hindustani_t0001_q3.wav,1957.409,10.0,1942611635,True
hindustani_t0001_q4,hindustani_100_Raga_Shree_-_Khayal,hindustani,/Users/prita/Desktop/Audio Fingerprinting/afp_bench/data/queries_44k/hindustani/hindustani_t0001_q4.wav,2443.878,10.0,1942611635,True
hindustani_t0002_q0,hindustani_101_Introductory_speech_by_Ajoy_Chakrabarty,hindustani,/Users/prita/Desktop/Audio Fingerprinting/afp_bench/data/queries_44k/hindustani/hindustani_t0002_q0.wav,35.903,10.0,2762103180,False
hindustani_t0002_q1,hindustani_101_Introductory_speech_by_Ajoy_Chakrabarty,hindustani,/Users/prita/Desktop/Audio Fingerprinting/afp_bench/data/queries_44k/hindustani/hindustani_t0002_q1.wav,60.75,10.0,2762103180,False
hindustani_t0002_q2,hindustani_101_Introductory_speech_by_Ajoy_Chakrabarty,hindustani,/Users/prita/Desktop/Audio Fingerprinting/afp_bench/data/queries_44k/hindustani/hindustani_t0002_q2.wav,86.195,10.0,2762103180,False
hindustani_t0002_q3,hindustani_101_Introductory_speech_by_Ajoy_Chakrabarty,hindustani,/Users/prita/Desktop/Audio Fingerprinting/afp_bench/data/queries_44k/hindustani/hindustani_t0002_q3.wav,112.497,10.0,2762103180,False
hindustani_t0002_q4,hindustani_101_Introductory_speech_by_Ajoy_Chakrabarty,hindustani,/Users/prita/Desktop/Audio Fingerprinting/afp_bench/data/queries_44k/hindustani/hindustani_t0002_q4.wav,137.204,10.0,2762103180,False
hindustani_t0003_q0,hindustani_102_Introduction_about_Ajoy_Chakrabarty,hindustani,/Users/prita/Desktop/Audio Fingerprinting/afp_bench/data/queries_44k/hindustani/hindustani_t0003_q0.wav,39.811,10.0,2186029143,False
hindustani_t0003_q1,hindustani_102_Introduction_about_Ajoy_Chakrabarty,hindustani,/Users/prita/Desktop/Audio Fingerprinting/afp_bench/data/queries_44k/hindustani/hindustani_t0003_q1.wav,69.675,10.0,2186029143,False
hindustani_t0003_q2,hindustani_102_Introduction_about_Ajoy_Chakrabarty,hindustani,/Users/prita/Desktop/Audio Fingerprinting/afp_bench/data/queries_44k/hindustani/hindustani_t0003_q2.wav,100.373,10.0,2186029143,False
hindustani_t0003_q3,hindustani_102_Introduction_about_Ajoy_Chakrabarty,hindustani,/Users/prita/Desktop/Audio Fingerprinting/afp_bench/data/queries_44k/hindustani/hindustani_t0003_q3.wav,130.494,10.0,2186029143,False
hindustani_t0003_q4,hindustani_102_Introduction_about_Ajoy_Chakrabarty,hindustani,/Users/prita/Desktop/Audio Fingerprinting/afp_bench/data/queries_44k/hindustani/hindustani_t0003_q4.wav,160.3,10.0,2186029143,False
hindustani_t0004_q0,hindustani_103_Thumri_in_Piloo,hindustani,/Users/prita/Desktop/Audio Fingerprinting/afp_bench/data/queries_44k/hindustani/hindustani_t0004_q0.wav,132.072,10.0,3532870500,False
hindustani_t0004_q1,hindustani_103_Thumri_in_Piloo,hindustani,/Users/prita/Desktop/Audio Fingerprinting/afp_bench/data/queries_44k/hindustani/hindustani_t0004_q1.wav,254.592,10.0,3532870500,False
hindustani_t0004_q2,hindustani_103_Thumri_in_Piloo,hindustani,/Users/prita/Desktop/Audio Fingerprinting/afp_bench/data/queries_44k/hindustani/hindustani_t0004_q2.wav,377.811,10.0,3532870500,False
hindustani_t0004_q3,hindustani_103_Thumri_in_Piloo,hindustani,/Users/prita/Desktop/Audio Fingerprinting/afp_bench/data/queries_44k/hindustani/hindustani_t0004_q3.wav,499.757,10.0,3532870500,False
hindustani_t0004_q4,hindustani_103_Thumri_in_Piloo,hindustani,/Users/prita/Desktop/Audio Fingerprinting/afp_bench/data/queries_44k/hindustani/hindustani_t0004_q4.wav,622.755,10.0,3532870500,False
hindustani_t0005_q0,hindustani_104_Raga_Lalit_-_Khayal,hindustani,/Users/prita/Desktop/Audio Fingerprinting/afp_bench/data/queries_44k/hindustani/hindustani_t0005_q0.wav,607.648,10.0,4120799726,False
hindustani_t0005_q1,hindustani_104_Raga_Lalit_-_Khayal,hindustani,/Users/prita/Desktop/Audio Fingerprinting/afp_bench/data/queries_44k/hindustani/hindustani_t0005_q1.wav,1205.267,10.0,4120799726,False
hindustani_t0005_q2,hindustani_104_Raga_Lalit_-_Khayal,hindustani,/Users/prita/Desktop/Audio Fingerprinting/afp_bench/data/queries_44k/hindustani/hindustani_t0005_q2.wav,1803.714,10.0,4120799726,False
hindustani_t0005_q3,hindustani_104_Raga_Lalit_-_Khayal,hindustani,/Users/prita/Desktop/Audio Fingerprinting/afp_bench/data/queries_44k/hindustani/hindustani_t0005_q3.wav,2401.688,10.0,4120799726,False
hindustani_t0005_q4,hindustani_104_Raga_Lalit_-_Khayal,hindustani,/Users/prita/Desktop/Audio Fingerprinting/afp_bench/data/queries_44k/hindustani/hindustani_t0005_q4.wav,2998.781,10.0,4120799726,False
hindustani_t0006_q0,hindustani_105_Raag_Bhoopali,hindustani,/Users/prita/Desktop/Audio Fingerprinting/afp_bench/data/queries_44k/hindustani/hindustani_t0006_q0.wav,563.169,10.0,3622669955,False
hindustani_t0006_q1,hindustani_105_Raag_Bhoopali,hindustani,/Users/prita/Desktop/Audio Fingerprinting/afp_bench/data/queries_44k/hindustani/hindustani_t0006_q1.wav,1115.564,10.0,3622669955,False
hindustani_t0006_q2,hindustani_105_Raag_Bhoopali,hindustani,/Users/prita/Desktop/Audio Fingerprinting/afp_bench/data/queries_44k/hindustani/hindustani_t0006_q2.wav,1668.763,10.0,3622669955,False
hindustani_t0006_q3,hindustani_105_Raag_Bhoopali,hindustani,/Users/prita/Desktop/Audio Fingerprinting/afp_bench/data/queries_44k/hindustani/hindustani_t0006_q3.wav,2221.466,10.0,3622669955,False
hindustani_t0006_q4,hindustani_105_Raag_Bhoopali,hindustani,/Users/prita/Desktop/Audio Fingerprinting/afp_bench/data/queries_44k/hindustani/hindustani_t0006_q4.wav,2773.557,10.0,3622669955,False
hindustani_t0007_q0,hindustani_106_Raag_Gavti,hindustani,/Users/prita/Desktop/Audio Fingerprinting/afp_bench/data/queries_44k/hindustani/hindustani_t0007_q0.wav,279.268,10.0,2430829577,False
hindustani_t0007_q1,hindustani_106_Raag_Gavti,hindustani,/Users/prita/Desktop/Audio Fingerprinting/afp_bench/data/queries_44k/hindustani/hindustani_t0007_q1.wav,548.112,10.0,2430829577,False
hindustani_t0007_q2,hindustani_106_Raag_Gavti,hindustani,/Users/prita/Desktop/Audio Fingerprinting/afp_bench/data/queries_44k/hindustani/hindustani_t0007_q2.wav,817.758,10.0,2430829577,False
hindustani_t0007_q3,hindustani_106_Raag_Gavti,hindustani,/Users/prita/Desktop/Audio Fingerprinting/afp_bench/data/queries_44k/hindustani/hindustani_t0007_q3.wav,1086.524,10.0,2430829577,False
hindustani_t0007_q4,hindustani_106_Raag_Gavti,hindustani,/Users/prita/Desktop/Audio Fingerprinting/afp_bench/data/queries_44k/hindustani/hindustani_t0007_q4.wav,1356.022,10.0,2430829577,False
hindustani_t0008_q0,hindustani_107_Raag_Shree,hindustani,/Users/prita/Desktop/Audio Fingerprinting/afp_bench/data/queries_44k/hindustani/hindustani_t0008_q0.wav,641.62,10.0,1087804539,True
hindustani_t0008_q1,hindustani_107_Raag_Shree,hindustani,/Users/prita/Desktop/Audio Fingerprinting/afp_bench/data/queries_44k/hindustani/hindustani_t0008_q1.wav,1272.702,10.0,1087804539,True
hindustani_t0008_q2,hindustani_107_Raag_Shree,hindustani,/Users/prita/Desktop/Audio Fingerprinting/afp_bench/data/queries_44k/hindustani/hindustani_t0008_q2.wav,1904.952,10.0,1087804539,True
hindustani_t0008_q3,hindustani_107_Raag_Shree,hindustani,/Users/prita/Desktop/Audio Fingerprinting/afp_bench/data/queries_44k/hindustani/hindustani_t0008_q3.wav,2536.39,10.0,1087804539,True
hindustani_t0008_q4,hindustani_107_Raag_Shree,hindustani,/Users/prita/Desktop/Audio Fingerprinting/afp_bench/data/queries_44k/hindustani/hindustani_t0008_q4.wav,3167.97,10.0,1087804539,True
hindustani_t0009_q0,hindustani_10_Raag_Lalit,hindustani,/Users/prita/Desktop/Audio Fingerprinting/afp_bench/data/queries_44k/hindustani/hindustani_t0009_q0.wav,68.545,10.0,400859806,False
hindustani_t0009_q1,hindustani_10_Raag_Lalit,hindustani,/Users/prita/Desktop/Audio Fingerprinting/afp_bench/data/queries_44k/hindustani/hindustani_t0009_q1.wav,126.16,10.0,400859806,False
hindustani_t0009_q2,hindustani_10_Raag_Lalit,hindustani,/Users/prita/Desktop/Audio Fingerprinting/afp_bench/data/queries_44k/hindustani/hindustani_t0009_q2.wav,184.326,10.0,400859806,False
hindustani_t0009_q3,hindustani_10_Raag_Lalit,hindustani,/Users/prita/Desktop/Audio Fingerprinting/afp_bench/data/queries_44k/hindustani/hindustani_t0009_q3.wav,241.88,10.0,400859806,False
hindustani_t0009_q4,hindustani_10_Raag_Lalit,hindustani,/Users/prita/Desktop/Audio Fingerprinting/afp_bench/data/queries_44k/hindustani/hindustani_t0009_q4.wav,300.096,10.0,400859806,False
hindustani_t0010_q0,hindustani_11_Raag_Marwa,hindustani,/Users/prita/Desktop/Audio Fingerprinting/afp_bench/data/queries_44k/hindustani/hindustani_t0010_q0.wav,70.975,10.0,1905636519,False
hindustani_t0010_q1,hindustani_11_Raag_Marwa,hindustani,/Users/prita/Desktop/Audio Fingerprinting/afp_bench/data/queries_44k/hindustani/hindustani_t0010_q1.wav,131.401,10.0,1905636519,False
hindustani_t0010_q2,hindustani_11_Raag_Marwa,hindustani,/Users/prita/Desktop/Audio Fingerprinting/afp_bench/data/queries_44k/hindustani/hindustani_t0010_q2.wav,191.254,10.0,1905636519,False
hindustani_t0010_q3,hindustani_11_Raag_Marwa,hindustani,/Users/prita/Desktop/Audio Fingerprinting/afp_bench/data/queries_44k/hindustani/hindustani_t0010_q3.wav,252.551,10.0,1905636519,False
hindustani_t0010_q4,hindustani_11_Raag_Marwa,hindustani,/Users/prita/Desktop/Audio Fingerprinting/afp_bench/data/queries_44k/hindustani/hindustani_t0010_q4.wav,312.346,10.0,1905636519,False
hindustani_t0011_q0,hindustani_12_Raag_Yaman,hindustani,/Users/prita/Desktop/Audio Fingerprinting/afp_bench/data/queries_44k/hindustani/hindustani_t0011_q0.wav,63.561,10.0,1620845731,False
hindustani_t0011_q1,hindustani_12_Raag_Yaman,hindustani,/Users/prita/Desktop/Audio Fingerprinting/afp_bench/data/queries_44k/hindustani/hindustani_t0011_q1.wav,116.894,10.0,1620845731,False
hindustani_t0011_q2,hindustani_12_Raag_Yaman,hindustani,/Users/prita/Desktop/Audio Fingerprinting/afp_bench/data/queries_44k/hindustani/hindustani_t0011_q2.wav,170.452,10.0,1620845731,False
hindustani_t0011_q3,hindustani_12_Raag_Yaman,hindustani,/Users/prita/Desktop/Audio Fingerprinting/afp_bench/data/queries_44k/hindustani/hindustani_t0011_q3.wav,224.211,10.0,1620845731,False
hindustani_t0011_q4,hindustani_12_Raag_Yaman,hindustani,/Users/prita/Desktop/Audio Fingerprinting/afp_bench/data/queries_44k/hindustani/hindustani_t0011_q4.wav,278.347,10.0,1620845731,False
hindustani_t0012_q0,hindustani_13_Raag_Bilaskhani_Todi,hindustani,/Users/prita/Desktop/Audio Fingerprinting/afp_bench/data/queries_44k/hindustani/hindustani_t0012_q0.wav,74.155,10.0,241869144,False
hindustani_t0012_q1,hindustani_13_Raag_Bilaskhani_Todi,hindustani,/Users/prita/Desktop/Audio Fingerprinting/afp_bench/data/queries_44k/hindustani/hindustani_t0012_q1.wav,137.378,10.0,241869144,False
hindustani_t0012_q2,hindustani_13_Raag_Bilaskhani_Todi,hindustani,/Users/prita/Desktop/Audio Fingerprinting/afp_bench/data/queries_44k/hindustani/hindustani_t0012_q2.wav,201.178,10.0,241869144,False
hindustani_t0012_q3,hindustani_13_Raag_Bilaskhani_Todi,hindustani,/Users/prita/Desktop/Audio Fingerprinting/afp_bench/data/queries_44k/hindustani/hindustani_t0012_q3.wav,264.508,10.0,241869144,False
hindustani_t0012_q4,hindustani_13_Raag_Bilaskhani_Todi,hindustani,/Users/prita/Desktop/Audio Fingerprinting/afp_bench/data/queries_44k/hindustani/hindustani_t0012_q4.wav,328.364,10.0,241869144,False
hindustani_t0013_q0,hindustani_14_Raag_Madhukauns,hindustani,/Users/prita/Desktop/Audio Fingerprinting/afp_bench/data/queries_44k/hindustani/hindustani_t0013_q0.wav,98.932,10.0,1649639471,False
hindustani_t0013_q1,hindustani_14_Raag_Madhukauns,hindustani,/Users/prita/Desktop/Audio Fingerprinting/afp_bench/data/queries_44k/hindustani/hindustani_t0013_q1.wav,188.427,10.0,1649639471,False
hindustani_t0013_q2,hindustani_14_Raag_Madhukauns,hindustani,/Users/prita/Desktop/Audio Fingerprinting/afp_bench/data/queries_44k/hindustani/hindustani_t0013_q2.wav,277.667,10.0,1649639471,False
hindustani_t0013_q3,hindustani_14_Raag_Madhukauns,hindustani,/Users/prita/Desktop/Audio Fingerprinting/afp_bench/data/queries_44k/hindustani/hindustani_t0013_q3.wav,366.847,10.0,1649639471,False
hindustani_t0013_q4,hindustani_14_Raag_Madhukauns,hindustani,/Users/prita/Desktop/Audio Fingerprinting/afp_bench/data/queries_44k/hindustani/hindustani_t0013_q4.wav,455.994,10.0,1649639471,False
hindustani_t0014_q0,hindustani_15_Raag_Desh,hindustani,/Users/prita/Desktop/Audio Fingerprinting/afp_bench/data/queries_44k/hindustani/hindustani_t0014_q0.wav,69.6,10.0,1961656699,False
hindustani_t0014_q1,hindustani_15_Raag_Desh,hindustani,/Users/prita/Desktop/Audio Fingerprinting/afp_bench/data/queries_44k/hindustani/hindustani_t0014_q1.wav,128.743,10.0,1961656699,False
hindustani_t0014_q2,hindustani_15_Raag_Desh,hindustani,/Users/prita/Desktop/Audio Fingerprinting/afp_bench/data/queries_44k/hindustani/hindustani_t0014_q2.wav,188.475,10.0,1961656699,False
hindustani_t0014_q3,hindustani_15_Raag_Desh,hindustani,/Users/prita/Desktop/Audio Fingerprinting/afp_bench/data/queries_44k/hindustani/hindustani_t0014_q3.wav,248.113,10.0,1961656699,False
hindustani_t0014_q4,hindustani_15_Raag_Desh,hindustani,/Users/prita/Desktop/Audio Fingerprinting/afp_bench/data/queries_44k/hindustani/hindustani_t0014_q4.wav,307.729,10.0,1961656699,False
hindustani_t0015_q0,hindustani_16_Raag_Puriya_Dhanashree,hindustani,/Users/prita/Desktop/Audio Fingerprinting/afp_bench/data/queries_44k/hindustani/hindustani_t0015_q0.wav,70.62,10.0,2874527677,False
hindustani_t0015_q1,hindustani_16_Raag_Puriya_Dhanashree,hindustani,/Users/prita/Desktop/Audio Fingerprinting/afp_bench/data/queries_44k/hindustani/hindustani_t0015_q1.wav,130.337,10.0,2874527677,False
hindustani_t0015_q2,hindustani_16_Raag_Puriya_Dhanashree,hindustani,/Users/prita/Desktop/Audio Fingerprinting/afp_bench/data/queries_44k/hindustani/hindustani_t0015_q2.wav,190.825,10.0,2874527677,False
hindustani_t0015_q3,hindustani_16_Raag_Puriya_Dhanashree,hindustani,/Users/prita/Desktop/Audio Fingerprinting/afp_bench/data/queries_44k/hindustani/hindustani_t0015_q3.wav,251.706,10.0,2874527677,False
hindustani_t0015_q4,hindustani_16_Raag_Puriya_Dhanashree,hindustani,/Users/prita/Desktop/Audio Fingerprinting/afp_bench/data/queries_44k/hindustani/hindustani_t0015_q4.wav,311.664,10.0,2874527677,False
hindustani_t0016_q0,hindustani_17_Raag_Miyan_Malhar,hindustani,/Users/prita/Desktop/Audio Fingerprinting/afp_bench/data/queries_44k/hindustani/hindustani_t0016_q0.wav,96.61,10.0,2544632325,False
hindustani_t0016_q1,hindustani_17_Raag_Miyan_Malhar,hindustani,/Users/prita/Desktop/Audio Fingerprinting/afp_bench/data/queries_44k/hindustani/hindustani_t0016_q1.wav,182.827,10.0,2544632325,False
hindustani_t0016_q2,hindustani_17_Raag_Miyan_Malhar,hindustani,/Users/prita/Desktop/Audio Fingerprinting/afp_bench/data/queries_44k/hindustani/hindustani_t0016_q2.wav,268.178,10.0,2544632325,False
hindustani_t0016_q3,hindustani_17_Raag_Miyan_Malhar,hindustani,/Users/prita/Desktop/Audio Fingerprinting/afp_bench/data/queries_44k/hindustani/hindustani_t0016_q3.wav,354.393,10.0,2544632325,False
hindustani_t0016_q4,hindustani_17_Raag_Miyan_Malhar,hindustani,/Users/prita/Desktop/Audio Fingerprinting/afp_bench/data/queries_44k/hindustani/hindustani_t0016_q4.wav,440.772,10.0,2544632325,False
hindustani_t0017_q0,hindustani_18_Raag_Bhairav,hindustani,/Users/prita/Desktop/Audio Fingerprinting/afp_bench/data/queries_44k/hindustani/hindustani_t0017_q0.wav,248.152,10.0,2763318393,False
hindustani_t0017_q1,hindustani_18_Raag_Bhairav,hindustani,/Users/prita/Desktop/Audio Fingerprinting/afp_bench/data/queries_44k/hindustani/hindustani_t0017_q1.wav,485.378,10.0,2763318393,False
hindustani_t0017_q2,hindustani_18_Raag_Bhairav,hindustani,/Users/prita/Desktop/Audio Fingerprinting/afp_bench/data/queries_44k/hindustani/hindustani_t0017_q2.wav,724.125,10.0,2763318393,False
hindustani_t0017_q3,hindustani_18_Raag_Bhairav,hindustani,/Users/prita/Desktop/Audio Fingerprinting/afp_bench/data/queries_44k/hindustani/hindustani_t0017_q3.wav,961.324,10.0,2763318393,False
hindustani_t0017_q4,hindustani_18_Raag_Bhairav,hindustani,/Users/prita/Desktop/Audio Fingerprinting/afp_bench/data/queries_44k/hindustani/hindustani_t0017_q4.wav,1199.366,10.0,2763318393,False
hindustani_t0018_q0,hindustani_19_Raag_Dhani,hindustani,/Users/prita/Desktop/Audio Fingerprinting/afp_bench/data/queries_44k/hindustani/hindustani_t0018_q0.wav,346.9,10.0,1615511892,False
hindustani_t0018_q1,hindustani_19_Raag_Dhani,hindustani,/Users/prita/Desktop/Audio Fingerprinting/afp_bench/data/queries_44k/hindustani/hindustani_t0018_q1.wav,682.56,10.0,1615511892,False
hindustani_t0018_q2,hindustani_19_Raag_Dhani,hindustani,/Users/prita/Desktop/Audio Fingerprinting/afp_bench/data/queries_44k/hindustani/hindustani_t0018_q2.wav,1019.208,10.0,1615511892,False
hindustani_t0018_q3,hindustani_19_Raag_Dhani,hindustani,/Users/prita/Desktop/Audio Fingerprinting/afp_bench/data/queries_44k/hindustani/hindustani_t0018_q3.wav,1355.558,10.0,1615511892,False
hindustani_t0018_q4,hindustani_19_Raag_Dhani,hindustani,/Users/prita/Desktop/Audio Fingerprinting/afp_bench/data/queries_44k/hindustani/hindustani_t0018_q4.wav,1692.329,10.0,1615511892,False
hindustani_t0019_q0,hindustani_1_Nirgun_Bhajan,hindustani,/Users/prita/Desktop/Audio Fingerprinting/afp_bench/data/queries_44k/hindustani/hindustani_t0019_q0.wav,135.988,10.0,2680721454,False
hindustani_t0019_q1,hindustani_1_Nirgun_Bhajan,hindustani,/Users/prita/Desktop/Audio Fingerprinting/afp_bench/data/queries_44k/hindustani/hindustani_t0019_q1.wav,263.065,10.0,2680721454,False
hindustani_t0019_q2,hindustani_1_Nirgun_Bhajan,hindustani,/Users/prita/Desktop/Audio Fingerprinting/afp_bench/data/queries_44k/hindustani/hindustani_t0019_q2.wav,389.057,10.0,2680721454,False
hindustani_t0019_q3,hindustani_1_Nirgun_Bhajan,hindustani,/Users/prita/Desktop/Audio Fingerprinting/afp_bench/data/queries_44k/hindustani/hindustani_t0019_q3.wav,514.88,10.0,2680721454,False
hindustani_t0019_q4,hindustani_1_Nirgun_Bhajan,hindustani,/Users/prita/Desktop/Audio Fingerprinting/afp_bench/data/queries_44k/hindustani/hindustani_t0019_q4.wav,641.787,10.0,2680721454,False
hindustani_t0020_q0,hindustani_20_Raag_Abhogi,hindustani,/Users/prita/Desktop/Audio Fingerprinting/afp_bench/data/queries_44k/hindustani/hindustani_t0020_q0.wav,433.563,10.0,196415888,False
hindustani_t0020_q1,hindustani_20_Raag_Abhogi,hindustani,/Users/prita/Desktop/Audio Fingerprinting/afp_bench/data/queries_44k/hindustani/hindustani_t0020_q1.wav,856.62,10.0,196415888,False
hindustani_t0020_q2,hindustani_20_Raag_Abhogi,hindustani,/Users/prita/Desktop/Audio Fingerprinting/afp_bench/data/queries_44k/hindustani/hindustani_t0020_q2.wav,1279.983,10.0,196415888,False
hindustani_t0020_q3,hindustani_20_Raag_Abhogi,hindustani,/Users/prita/Desktop/Audio Fingerprinting/afp_bench/data/queries_44k/hindustani/hindustani_t0020_q3.wav,1702.857,10.0,196415888,False
hindustani_t0020_q4,hindustani_20_Raag_Abhogi,hindustani,/Users/prita/Desktop/Audio Fingerprinting/afp_bench/data/queries_44k/hindustani/hindustani_t0020_q4.wav,2126.201,10.0,196415888,False
hindustani_t0021_q0,hindustani_21_Raag_Khamaj,hindustani,/Users/prita/Desktop/Audio Fingerprinting/afp_bench/data/queries_44k/hindustani/hindustani_t0021_q0.wav,198.853,10.0,2179553732,False
hindustani_t0021_q1,hindustani_21_Raag_Khamaj,hindustani,/Users/prita/Desktop/Audio Fingerprinting/afp_bench/data/queries_44k/hindustani/hindustani_t0021_q1.wav,388.69,10.0,2179553732,False
hindustani_t0021_q2,hindustani_21_Raag_Khamaj,hindustani,/Users/prita/Desktop/Audio Fingerprinting/afp_bench/data/queries_44k/hindustani/hindustani_t0021_q2.wav,577.325,10.0,2179553732,False
hindustani_t0021_q3,hindustani_21_Raag_Khamaj,hindustani,/Users/prita/Desktop/Audio Fingerprinting/afp_bench/data/queries_44k/hindustani/hindustani_t0021_q3.wav,766.846,10.0,2179553732,False
hindustani_t0021_q4,hindustani_21_Raag_Khamaj,hindustani,/Users/prita/Desktop/Audio Fingerprinting/afp_bench/data/queries_44k/hindustani/hindustani_t0021_q4.wav,956.104,10.0,2179553732,False
hindustani_t0022_q0,hindustani_22_Raag_Rageshri,hindustani,/Users/prita/Desktop/Audio Fingerprinting/afp_bench/data/queries_44k/hindustani/hindustani_t0022_q0.wav,356.634,10.0,50293935,False
hindustani_t0022_q1,hindustani_22_Raag_Rageshri,hindustani,/Users/prita/Desktop/Audio Fingerprinting/afp_bench/data/queries_44k/hindustani/hindustani_t0022_q1.wav,703.153,10.0,50293935,False
hindustani_t0022_q2,hindustani_22_Raag_Rageshri,hindustani,/Users/prita/Desktop/Audio Fingerprinting/afp_bench/data/queries_44k/hindustani/hindustani_t0022_q2.wav,1050.233,10.0,50293935,False
hindustani_t0022_q3,hindustani_22_Raag_Rageshri,hindustani,/Users/prita/Desktop/Audio Fingerprinting/afp_bench/data/queries_44k/hindustani/hindustani_t0022_q3.wav,1397.503,10.0,50293935,False
hindustani_t0022_q4,hindustani_22_Raag_Rageshri,hindustani,/Users/prita/Desktop/Audio Fingerprinting/afp_bench/data/queries_44k/hindustani/hindustani_t0022_q4.wav,1743.535,10.0,50293935,False
hindustani_t0023_q0,hindustani_23_Raag_Mian_Malhar,hindustani,/Users/prita/Desktop/Audio Fingerprinting/afp_bench/data/queries_44k/hindustani/hindustani_t0023_q0.wav,660.327,10.0,3739671158,True
hindustani_t0023_q1,hindustani_23_Raag_Mian_Malhar,hindustani,/Users/prita/Desktop/Audio Fingerprinting/afp_bench/data/queries_44k/hindustani/hindustani_t0023_q1.wav,1310.244,10.0,3739671158,True
hindustani_t0023_q2,hindustani_23_Raag_Mian_Malhar,hindustani,/Users/prita/Desktop/Audio Fingerprinting/afp_bench/data/queries_44k/hindustani/hindustani_t0023_q2.wav,1960.547,10.0,3739671158,True
hindustani_t0023_q3,hindustani_23_Raag_Mian_Malhar,hindustani,/Users/prita/Desktop/Audio Fingerprinting/afp_bench/data/queries_44k/hindustani/hindustani_t0023_q3.wav,2611.041,10.0,3739671158,True
hindustani_t0023_q4,hindustani_23_Raag_Mian_Malhar,hindustani,/Users/prita/Desktop/Audio Fingerprinting/afp_bench/data/queries_44k/hindustani/hindustani_t0023_q4.wav,3261.2,10.0,3739671158,True
hindustani_t0024_q0,hindustani_24_Raag_Ramdasi_Malhar,hindustani,/Users/prita/Desktop/Audio Fingerprinting/afp_bench/data/queries_44k/hindustani/hindustani_t0024_q0.wav,121.036,10.0,2665525764,False
hindustani_t0024_q1,hindustani_24_Raag_Ramdasi_Malhar,hindustani,/Users/prita/Desktop/Audio Fingerprinting/afp_bench/data/queries_44k/hindustani/hindustani_t0024_q1.wav,231.727,10.0,2665525764,False
hindustani_t0024_q2,hindustani_24_Raag_Ramdasi_Malhar,hindustani,/Users/prita/Desktop/Audio Fingerprinting/afp_bench/data/queries_44k/hindustani/hindustani_t0024_q2.wav,342.951,10.0,2665525764,False
hindustani_t0024_q3,hindustani_24_Raag_Ramdasi_Malhar,hindustani,/Users/prita/Desktop/Audio Fingerprinting/afp_bench/data/queries_44k/hindustani/hindustani_t0024_q3.wav,453.396,10.0,2665525764,False
hindustani_t0024_q4,hindustani_24_Raag_Ramdasi_Malhar,hindustani,/Users/prita/Desktop/Audio Fingerprinting/afp_bench/data/queries_44k/hindustani/hindustani_t0024_q4.wav,564.784,10.0,2665525764,False
hindustani_t0025_q0,hindustani_25_Raag_Marwa,hindustani,/Users/prita/Desktop/Audio Fingerprinting/afp_bench/data/queries_44k/hindustani/hindustani_t0025_q0.wav,328.283,10.0,2562104984,False
hindustani_t0025_q1,hindustani_25_Raag_Marwa,hindustani,/Users/prita/Desktop/Audio Fingerprinting/afp_bench/data/queries_44k/hindustani/hindustani_t0025_q1.wav,645.945,10.0,2562104984,False
hindustani_t0025_q2,hindustani_25_Raag_Marwa,hindustani,/Users/prita/Desktop/Audio Fingerprinting/afp_bench/data/queries_44k/hindustani/hindustani_t0025_q2.wav,963.962,10.0,2562104984,False
hindustani_t0025_q3,hindustani_25_Raag_Marwa,hindustani,/Users/prita/Desktop/Audio Fingerprinting/afp_bench/data/queries_44k/hindustani/hindustani_t0025_q3.wav,1281.619,10.0,2562104984,False
hindustani_t0025_q4,hindustani_25_Raag_Marwa,hindustani,/Users/prita/Desktop/Audio Fingerprinting/afp_bench/data/queries_44k/hindustani/hindustani_t0025_q4.wav,1600.063,10.0,2562104984,False
hindustani_t0026_q0,hindustani_26_Raag_Shree,hindustani,/Users/prita/Desktop/Audio Fingerprinting/afp_bench/data/queries_44k/hindustani/hindustani_t0026_q0.wav,379.993,10.0,2440938,False
hindustani_t0026_q1,hindustani_26_Raag_Shree,hindustani,/Users/prita/Desktop/Audio Fingerprinting/afp_bench/data/queries_44k/hindustani/hindustani_t0026_q1.wav,749.716,10.0,2440938,False
hindustani_t0026_q2,hindustani_26_Raag_Shree,hindustani,/Users/prita/Desktop/Audio Fingerprinting/afp_bench/data/queries_44k/hindustani/hindustani_t0026_q2.wav,1120.215,10.0,2440938,False
hindustani_t0026_q3,hindustani_26_Raag_Shree,hindustani,/Users/prita/Desktop/Audio Fingerprinting/afp_bench/data/queries_44k/hindustani/hindustani_t0026_q3.wav,1490.309,10.0,2440938,False
hindustani_t0026_q4,hindustani_26_Raag_Shree,hindustani,/Users/prita/Desktop/Audio Fingerprinting/afp_bench/data/queries_44k/hindustani/hindustani_t0026_q4.wav,1860.407,10.0,2440938,False
hindustani_t0027_q0,hindustani_27_Raag_Bihag,hindustani,/Users/prita/Desktop/Audio Fingerprinting/afp_bench/data/queries_44k/hindustani/hindustani_t0027_q0.wav,661.705,10.0,814691540,False
hindustani_t0027_q1,hindustani_27_Raag_Bihag,hindustani,/Users/prita/Desktop/Audio Fingerprinting/afp_bench/data/queries_44k/hindustani/hindustani_t0027_q1.wav,1313.15,10.0,814691540,False
hindustani_t0027_q2,hindustani_27_Raag_Bihag,hindustani,/Users/prita/Desktop/Audio Fingerprinting/afp_bench/data/queries_44k/hindustani/hindustani_t0027_q2.wav,1964.875,10.0,814691540,False
hindustani_t0027_q3,hindustani_27_Raag_Bihag,hindustani,/Users/prita/Desktop/Audio Fingerprinting/afp_bench/data/queries_44k/hindustani/hindustani_t0027_q3.wav,2617.078,10.0,814691540,False
hindustani_t0027_q4,hindustani_27_Raag_Bihag,hindustani,/Users/prita/Desktop/Audio Fingerprinting/afp_bench/data/queries_44k/hindustani/hindustani_t0027_q4.wav,3268.614,10.0,814691540,False
hindustani_t0028_q0,hindustani_28_Raag_Mian_Malhar,hindustani,/Users/prita/Desktop/Audio Fingerprinting/afp_bench/data/queries_44k/hindustani/hindustani_t0028_q0.wav,479.85,10.0,1434891245,True
hindustani_t0028_q1,hindustani_28_Raag_Mian_Malhar,hindustani,/Users/prita/Desktop/Audio Fingerprinting/afp_bench/data/queries_44k/hindustani/hindustani_t0028_q1.wav,949.022,10.0,1434891245,True
hindustani_t0028_q2,hindustani_28_Raag_Mian_Malhar,hindustani,/Users/prita/Desktop/Audio Fingerprinting/afp_bench/data/queries_44k/hindustani/hindustani_t0028_q2.wav,1418.537,10.0,1434891245,True
hindustani_t0028_q3,hindustani_28_Raag_Mian_Malhar,hindustani,/Users/prita/Desktop/Audio Fingerprinting/afp_bench/data/queries_44k/hindustani/hindustani_t0028_q3.wav,1889.012,10.0,1434891245,True
hindustani_t0028_q4,hindustani_28_Raag_Mian_Malhar,hindustani,/Users/prita/Desktop/Audio Fingerprinting/afp_bench/data/queries_44k/hindustani/hindustani_t0028_q4.wav,2358.597,10.0,1434891245,True
hindustani_t0029_q0,hindustani_29_Raag_Ramdasi_Malhar,hindustani,/Users/prita/Desktop/Audio Fingerprinting/afp_bench/data/queries_44k/hindustani/hindustani_t0029_q0.wav,117.048,10.0,4074444217,False
hindustani_t0029_q1,hindustani_29_Raag_Ramdasi_Malhar,hindustani,/Users/prita/Desktop/Audio Fingerprinting/afp_bench/data/queries_44k/hindustani/hindustani_t0029_q1.wav,225.313,10.0,4074444217,False
hindustani_t0029_q2,hindustani_29_Raag_Ramdasi_Malhar,hindustani,/Users/prita/Desktop/Audio Fingerprinting/afp_bench/data/queries_44k/hindustani/hindustani_t0029_q2.wav,332.082,10.0,4074444217,False
hindustani_t0029_q3,hindustani_29_Raag_Ramdasi_Malhar,hindustani,/Users/prita/Desktop/Audio Fingerprinting/afp_bench/data/queries_44k/hindustani/hindustani_t0029_q3.wav,440.111,10.0,4074444217,False
hindustani_t0029_q4,hindustani_29_Raag_Ramdasi_Malhar,hindustani,/Users/prita/Desktop/Audio Fingerprinting/afp_bench/data/queries_44k/hindustani/hindustani_t0029_q4.wav,547.642,10.0,4074444217,False
hindustani_t0030_q0,hindustani_2_Raag_Lagan_Gandhar,hindustani,/Users/prita/Desktop/Audio Fingerprinting/afp_bench/data/queries_44k/hindustani/hindustani_t0030_q0.wav,497.474,10.0,1376864084,False
hindustani_t0030_q1,hindustani_2_Raag_Lagan_Gandhar,hindustani,/Users/prita/Desktop/Audio Fingerprinting/afp_bench/data/queries_44k/hindustani/hindustani_t0030_q1.wav,984.719,10.0,1376864084,False
hindustani_t0030_q2,hindustani_2_Raag_Lagan_Gandhar,hindustani,/Users/prita/Desktop/Audio Fingerprinting/afp_bench/data/queries_44k/hindustani/hindustani_t0030_q2.wav,1471.814,10.0,1376864084,False
hindustani_t0030_q3,hindustani_2_Raag_Lagan_Gandhar,hindustani,/Users/prita/Desktop/Audio Fingerprinting/afp_bench/data/queries_44k/hindustani/hindustani_t0030_q3.wav,1959.448,10.0,1376864084,False
hindustani_t0030_q4,hindustani_2_Raag_Lagan_Gandhar,hindustani,/Users/prita/Desktop/Audio Fingerprinting/afp_bench/data/queries_44k/hindustani/hindustani_t0030_q4.wav,2446.939,10.0,1376864084,False
hindustani_t0031_q0,hindustani_30_Raag_Bahar,hindustani,/Users/prita/Desktop/Audio Fingerprinting/afp_bench/data/queries_44k/hindustani/hindustani_t0031_q0.wav,283.779,10.0,2583488262,False
hindustani_t0031_q1,hindustani_30_Raag_Bahar,hindustani,/Users/prita/Desktop/Audio Fingerprinting/afp_bench/data/queries_44k/hindustani/hindustani_t0031_q1.wav,556.254,10.0,2583488262,False
hindustani_t0031_q2,hindustani_30_Raag_Bahar,hindustani,/Users/prita/Desktop/Audio Fingerprinting/afp_bench/data/queries_44k/hindustani/hindustani_t0031_q2.wav,829.877,10.0,2583488262,False
hindustani_t0031_q3,hindustani_30_Raag_Bahar,hindustani,/Users/prita/Desktop/Audio Fingerprinting/afp_bench/data/queries_44k/hindustani/hindustani_t0031_q3.wav,1103.079,10.0,2583488262,False
hindustani_t0031_q4,hindustani_30_Raag_Bahar,hindustani,/Users/prita/Desktop/Audio Fingerprinting/afp_bench/data/queries_44k/hindustani/hindustani_t0031_q4.wav,1376.731,10.0,2583488262,False
hindustani_t0032_q0,hindustani_31_Raag_Yaman,hindustani,/Users/prita/Desktop/Audio Fingerprinting/afp_bench/data/queries_44k/hindustani/hindustani_t0032_q0.wav,185.722,10.0,2328980332,False
hindustani_t0032_q1,hindustani_31_Raag_Yaman,hindustani,/Users/prita/Desktop/Audio Fingerprinting/afp_bench/data/queries_44k/hindustani/hindustani_t0032_q1.wav,360.099,10.0,2328980332,False
hindustani_t0032_q2,hindustani_31_Raag_Yaman,hindustani,/Users/prita/Desktop/Audio Fingerprinting/afp_bench/data/queries_44k/hindustani/hindustani_t0032_q2.wav,535.541,10.0,2328980332,False
hindustani_t0032_q3,hindustani_31_Raag_Yaman,hindustani,/Users/prita/Desktop/Audio Fingerprinting/afp_bench/data/queries_44k/hindustani/hindustani_t0032_q3.wav,710.874,10.0,2328980332,False
hindustani_t0032_q4,hindustani_31_Raag_Yaman,hindustani,/Users/prita/Desktop/Audio Fingerprinting/afp_bench/data/queries_44k/hindustani/hindustani_t0032_q4.wav,886.128,10.0,2328980332,False
hindustani_t0033_q0,hindustani_32_Raag_Gaud_Malhar,hindustani,/Users/prita/Desktop/Audio Fingerprinting/afp_bench/data/queries_44k/hindustani/hindustani_t0033_q0.wav,263.944,10.0,586121177,False
hindustani_t0033_q1,hindustani_32_Raag_Gaud_Malhar,hindustani,/Users/prita/Desktop/Audio Fingerprinting/afp_bench/data/queries_44k/hindustani/hindustani_t0033_q1.wav,518.829,10.0,586121177,False
hindustani_t0033_q2,hindustani_32_Raag_Gaud_Malhar,hindustani,/Users/prita/Desktop/Audio Fingerprinting/afp_bench/data/queries_44k/hindustani/hindustani_t0033_q2.wav,772.521,10.0,586121177,False
hindustani_t0033_q3,hindustani_32_Raag_Gaud_Malhar,hindustani,/Users/prita/Desktop/Audio Fingerprinting/afp_bench/data/queries_44k/hindustani/hindustani_t0033_q3.wav,1026.514,10.0,586121177,False
hindustani_t0033_q4,hindustani_32_Raag_Gaud_Malhar,hindustani,/Users/prita/Desktop/Audio Fingerprinting/afp_bench/data/queries_44k/hindustani/hindustani_t0033_q4.wav,1280.497,10.0,586121177,False
hindustani_t0034_q0,hindustani_33_Raag_Lalit,hindustani,/Users/prita/Desktop/Audio Fingerprinting/afp_bench/data/queries_44k/hindustani/hindustani_t0034_q0.wav,412.402,10.0,998633084,False
hindustani_t0034_q1,hindustani_33_Raag_Lalit,hindustani,/Users/prita/Desktop/Audio Fingerprinting/afp_bench/data/queries_44k/hindustani/hindustani_t0034_q1.wav,815.386,10.0,998633084,False
hindustani_t0034_q2,hindustani_33_Raag_Lalit,hindustani,/Users/prita/Desktop/Audio Fingerprinting/afp_bench/data/queries_44k/hindustani/hindustani_t0034_q2.wav,1217.865,10.0,998633084,False
hindustani_t0034_q3,hindustani_33_Raag_Lalit,hindustani,/Users/prita/Desktop/Audio Fingerprinting/afp_bench/data/queries_44k/hindustani/hindustani_t0034_q3.wav,1620.157,10.0,998633084,False
hindustani_t0034_q4,hindustani_33_Raag_Lalit,hindustani,/Users/prita/Desktop/Audio Fingerprinting/afp_bench/data/queries_44k/hindustani/hindustani_t0034_q4.wav,2022.308,10.0,998633084,False
hindustani_t0035_q0,hindustani_34_Raag_Bibhas,hindustani,/Users/prita/Desktop/Audio Fingerprinting/afp_bench/data/queries_44k/hindustani/hindustani_t0035_q0.wav,146.902,10.0,3305327473,False
hindustani_t0035_q1,hindustani_34_Raag_Bibhas,hindustani,/Users/prita/Desktop/Audio Fingerprinting/afp_bench/data/queries_44k/hindustani/hindustani_t0035_q1.wav,283.311,10.0,3305327473,False
hindustani_t0035_q2,hindustani_34_Raag_Bibhas,hindustani,/Users/prita/Desktop/Audio Fingerprinting/afp_bench/data/queries_44k/hindustani/hindustani_t0035_q2.wav,419.935,10.0,3305327473,False
hindustani_t0035_q3,hindustani_34_Raag_Bibhas,hindustani,/Users/prita/Desktop/Audio Fingerprinting/afp_bench/data/queries_44k/hindustani/hindustani_t0035_q3.wav,556.657,10.0,3305327473,False
hindustani_t0035_q4,hindustani_34_Raag_Bibhas,hindustani,/Users/prita/Desktop/Audio Fingerprinting/afp_bench/data/queries_44k/hindustani/hindustani_t0035_q4.wav,693.125,10.0,3305327473,False
hindustani_t0036_q0,hindustani_35_Raag_Lalit_Pancham,hindustani,/Users/prita/Desktop/Audio Fingerprinting/afp_bench/data/queries_44k/hindustani/hindustani_t0036_q0.wav,344.709,10.0,4100544537,False
hindustani_t0036_q1,hindustani_35_Raag_Lalit_Pancham,hindustani,/Users/prita/Desktop/Audio Fingerprinting/afp_bench/data/queries_44k/hindustani/hindustani_t0036_q1.wav,680.337,10.0,4100544537,False
hindustani_t0036_q2,hindustani_35_Raag_Lalit_Pancham,hindustani,/Users/prita/Desktop/Audio Fingerprinting/afp_bench/data/queries_44k/hindustani/hindustani_t0036_q2.wav,1014.824,10.0,4100544537,False
hindustani_t0036_q3,hindustani_35_Raag_Lalit_Pancham,hindustani,/Users/prita/Desktop/Audio Fingerprinting/afp_bench/data/queries_44k/hindustani/hindustani_t0036_q3.wav,1349.72,10.0,4100544537,False
hindustani_t0036_q4,hindustani_35_Raag_Lalit_Pancham,hindustani,/Users/prita/Desktop/Audio Fingerprinting/afp_bench/data/queries_44k/hindustani/hindustani_t0036_q4.wav,1684.639,10.0,4100544537,False
hindustani_t0037_q0,hindustani_36_Bhairavi_Thumri,hindustani,/Users/prita/Desktop/Audio Fingerprinting/afp_bench/data/queries_44k/hindustani/hindustani_t0037_q0.wav,197.501,10.0,1597814911,False
hindustani_t0037_q1,hindustani_36_Bhairavi_Thumri,hindustani,/Users/prita/Desktop/Audio Fingerprinting/afp_bench/data/queries_44k/hindustani/hindustani_t0037_q1.wav,384.203,10.0,1597814911,False
hindustani_t0037_q2,hindustani_36_Bhairavi_Thumri,hindustani,/Users/prita/Desktop/Audio Fingerprinting/afp_bench/data/queries_44k/hindustani/hindustani_t0037_q2.wav,571.713,10.0,1597814911,False
hindustani_t0037_q3,hindustani_36_Bhairavi_Thumri,hindustani,/Users/prita/Desktop/Audio Fingerprinting/afp_bench/data/queries_44k/hindustani/hindustani_t0037_q3.wav,758.185,10.0,1597814911,False
hindustani_t0037_q4,hindustani_36_Bhairavi_Thumri,hindustani,/Users/prita/Desktop/Audio Fingerprinting/afp_bench/data/queries_44k/hindustani/hindustani_t0037_q4.wav,946.021,10.0,1597814911,False
hindustani_t0038_q0,hindustani_37_Raag_Shree,hindustani,/Users/prita/Desktop/Audio Fingerprinting/afp_bench/data/queries_44k/hindustani/hindustani_t0038_q0.wav,666.881,10.0,3525244789,True
hindustani_t0038_q1,hindustani_37_Raag_Shree,hindustani,/Users/prita/Desktop/Audio Fingerprinting/afp_bench/data/queries_44k/hindustani/hindustani_t0038_q1.wav,1322.767,10.0,3525244789,True
hindustani_t0038_q2,hindustani_37_Raag_Shree,hindustani,/Users/prita/Desktop/Audio Fingerprinting/afp_bench/data/queries_44k/hindustani/hindustani_t0038_q2.wav,1980.129,10.0,3525244789,True
hindustani_t0038_q3,hindustani_37_Raag_Shree,hindustani,/Users/prita/Desktop/Audio Fingerprinting/afp_bench/data/queries_44k/hindustani/hindustani_t0038_q3.wav,2636.625,10.0,3525244789,True
hindustani_t0038_q4,hindustani_37_Raag_Shree,hindustani,/Users/prita/Desktop/Audio Fingerprinting/afp_bench/data/queries_44k/hindustani/hindustani_t0038_q4.wav,3293.106,10.0,3525244789,True
hindustani_t0039_q0,hindustani_38_Raag_Multani,hindustani,/Users/prita/Desktop/Audio Fingerprinting/afp_bench/data/queries_44k/hindustani/hindustani_t0039_q0.wav,426.391,10.0,1347051828,False
hindustani_t0039_q1,hindustani_38_Raag_Multani,hindustani,/Users/prita/Desktop/Audio Fingerprinting/afp_bench/data/queries_44k/hindustani/hindustani_t0039_q1.wav,842.348,10.0,1347051828,False
hindustani_t0039_q2,hindustani_38_Raag_Multani,hindustani,/Users/prita/Desktop/Audio Fingerprinting/afp_bench/data/queries_44k/hindustani/hindustani_t0039_q2.wav,1258.723,10.0,1347051828,False
hindustani_t0039_q3,hindustani_38_Raag_Multani,hindustani,/Users/prita/Desktop/Audio Fingerprinting/afp_bench/data/queries_44k/hindustani/hindustani_t0039_q3.wav,1675.056,10.0,1347051828,False
hindustani_t0039_q4,hindustani_38_Raag_Multani,hindustani,/Users/prita/Desktop/Audio Fingerprinting/afp_bench/data/queries_44k/hindustani/hindustani_t0039_q4.wav,2090.929,10.0,1347051828,False
hindustani_t0040_q0,hindustani_39_Raag_Bhimpalasi,hindustani,/Users/prita/Desktop/Audio Fingerprinting/afp_bench/data/queries_44k/hindustani/hindustani_t0040_q0.wav,274.308,10.0,4226497257,False
hindustani_t0040_q1,hindustani_39_Raag_Bhimpalasi,hindustani,/Users/prita/Desktop/Audio Fingerprinting/afp_bench/data/queries_44k/hindustani/hindustani_t0040_q1.wav,539.093,10.0,4226497257,False
hindustani_t0040_q2,hindustani_39_Raag_Bhimpalasi,hindustani,/Users/prita/Desktop/Audio Fingerprinting/afp_bench/data/queries_44k/hindustani/hindustani_t0040_q2.wav,803.552,10.0,4226497257,False
hindustani_t0040_q3,hindustani_39_Raag_Bhimpalasi,hindustani,/Users/prita/Desktop/Audio Fingerprinting/afp_bench/data/queries_44k/hindustani/hindustani_t0040_q3.wav,1068.127,10.0,4226497257,False
hindustani_t0040_q4,hindustani_39_Raag_Bhimpalasi,hindustani,/Users/prita/Desktop/Audio Fingerprinting/afp_bench/data/queries_44k/hindustani/hindustani_t0040_q4.wav,1333.37,10.0,4226497257,False
hindustani_t0041_q0,hindustani_3_Raag_Dhani,hindustani,/Users/prita/Desktop/Audio Fingerprinting/afp_bench/data/queries_44k/hindustani/hindustani_t0041_q0.wav,146.199,10.0,3278169836,False
hindustani_t0041_q1,hindustani_3_Raag_Dhani,hindustani,/Users/prita/Desktop/Audio Fingerprinting/afp_bench/data/queries_44k/hindustani/hindustani_t0041_q1.wav,283.128,10.0,3278169836,False
hindustani_t0041_q2,hindustani_3_Raag_Dhani,hindustani,/Users/prita/Desktop/Audio Fingerprinting/afp_bench/data/queries_44k/hindustani/hindustani_t0041_q2.wav,419.649,10.0,3278169836,False
hindustani_t0041_q3,hindustani_3_Raag_Dhani,hindustani,/Users/prita/Desktop/Audio Fingerprinting/afp_bench/data/queries_44k/hindustani/hindustani_t0041_q3.wav,555.839,10.0,3278169836,False
hindustani_t0041_q4,hindustani_3_Raag_Dhani,hindustani,/Users/prita/Desktop/Audio Fingerprinting/afp_bench/data/queries_44k/hindustani/hindustani_t0041_q4.wav,692.161,10.0,3278169836,False
hindustani_t0042_q0,hindustani_40_Raag_Jog,hindustani,/Users/prita/Desktop/Audio Fingerprinting/afp_bench/data/queries_44k/hindustani/hindustani_t0042_q0.wav,492.568,10.0,687601468,True
hindustani_t0042_q1,hindustani_40_Raag_Jog,hindustani,/Users/prita/Desktop/Audio Fingerprinting/afp_bench/data/queries_44k/hindustani/hindustani_t0042_q1.wav,974.535,10.0,687601468,True
hindustani_t0042_q2,hindustani_40_Raag_Jog,hindustani,/Users/prita/Desktop/Audio Fingerprinting/afp_bench/data/queries_44k/hindustani/hindustani_t0042_q2.wav,1457.134,10.0,687601468,True
hindustani_t0042_q3,hindustani_40_Raag_Jog,hindustani,/Users/prita/Desktop/Audio Fingerprinting/afp_bench/data/queries_44k/hindustani/hindustani_t0042_q3.wav,1938.941,10.0,687601468,True
hindustani_t0042_q4,hindustani_40_Raag_Jog,hindustani,/Users/prita/Desktop/Audio Fingerprinting/afp_bench/data/queries_44k/hindustani/hindustani_t0042_q4.wav,2421.114,10.0,687601468,True
hindustani_t0043_q0,hindustani_41_Kirwani_Bhajan,hindustani,/Users/prita/Desktop/Audio Fingerprinting/afp_bench/data/queries_44k/hindustani/hindustani_t0043_q0.wav,105.435,10.0,1139607180,False
hindustani_t0043_q1,hindustani_41_Kirwani_Bhajan,hindustani,/Users/prita/Desktop/Audio Fingerprinting/afp_bench/data/queries_44k/hindustani/hindustani_t0043_q1.wav,201.357,10.0,1139607180,False
hindustani_t0043_q2,hindustani_41_Kirwani_Bhajan,hindustani,/Users/prita/Desktop/Audio Fingerprinting/afp_bench/data/queries_44k/hindustani/hindustani_t0043_q2.wav,297.156,10.0,1139607180,False
hindustani_t0043_q3,hindustani_41_Kirwani_Bhajan,hindustani,/Users/prita/Desktop/Audio Fingerprinting/afp_bench/data/queries_44k/hindustani/hindustani_t0043_q3.wav,393.03,10.0,1139607180,False
hindustani_t0043_q4,hindustani_41_Kirwani_Bhajan,hindustani,/Users/prita/Desktop/Audio Fingerprinting/afp_bench/data/queries_44k/hindustani/hindustani_t0043_q4.wav,487.856,10.0,1139607180,False
hindustani_t0044_q0,hindustani_42_Raag_Bhatiyar,hindustani,/Users/prita/Desktop/Audio Fingerprinting/afp_bench/data/queries_44k/hindustani/hindustani_t0044_q0.wav,384.341,10.0,2675630781,False
hindustani_t0044_q1,hindustani_42_Raag_Bhatiyar,hindustani,/Users/prita/Desktop/Audio Fingerprinting/afp_bench/data/queries_44k/hindustani/hindustani_t0044_q1.wav,759.823,10.0,2675630781,False
hindustani_t0044_q2,hindustani_42_Raag_Bhatiyar,hindustani,/Users/prita/Desktop/Audio Fingerprinting/afp_bench/data/queries_44k/hindustani/hindustani_t0044_q2.wav,1134.597,10.0,2675630781,False
hindustani_t0044_q3,hindustani_42_Raag_Bhatiyar,hindustani,/Users/prita/Desktop/Audio Fingerprinting/afp_bench/data/queries_44k/hindustani/hindustani_t0044_q3.wav,1509.46,10.0,2675630781,False
hindustani_t0044_q4,hindustani_42_Raag_Bhatiyar,hindustani,/Users/prita/Desktop/Audio Fingerprinting/afp_bench/data/queries_44k/hindustani/hindustani_t0044_q4.wav,1884.274,10.0,2675630781,False
hindustani_t0045_q0,hindustani_43_Bhairavi_Thumri,hindustani,/Users/prita/Desktop/Audio Fingerprinting/afp_bench/data/queries_44k/hindustani/hindustani_t0045_q0.wav,124.444,10.0,48099264,False
hindustani_t0045_q1,hindustani_43_Bhairavi_Thumri,hindustani,/Users/prita/Desktop/Audio Fingerprinting/afp_bench/data/queries_44k/hindustani/hindustani_t0045_q1.wav,239.342,10.0,48099264,False
hindustani_t0045_q2,hindustani_43_Bhairavi_Thumri,hindustani,/Users/prita/Desktop/Audio Fingerprinting/afp_bench/data/queries_44k/hindustani/hindustani_t0045_q2.wav,354.743,10.0,48099264,False
hindustani_t0045_q3,hindustani_43_Bhairavi_Thumri,hindustani,/Users/prita/Desktop/Audio Fingerprinting/afp_bench/data/queries_44k/hindustani/hindustani_t0045_q3.wav,468.843,10.0,48099264,False
hindustani_t0045_q4,hindustani_43_Bhairavi_Thumri,hindustani,/Users/prita/Desktop/Audio Fingerprinting/afp_bench/data/queries_44k/hindustani/hindustani_t0045_q4.wav,583.603,10.0,48099264,False
hindustani_t0046_q0,hindustani_44_Raag_Abhogi,hindustani,/Users/prita/Desktop/Audio Fingerprinting/afp_bench/data/queries_44k/hindustani/hindustani_t0046_q0.wav,318.604,10.0,4205043433,False
hindustani_t0046_q1,hindustani_44_Raag_Abhogi,hindustani,/Users/prita/Desktop/Audio Fingerprinting/afp_bench/data/queries_44k/hindustani/hindustani_t0046_q1.wav,627.928,10.0,4205043433,False
hindustani_t0046_q2,hindustani_44_Raag_Abhogi,hindustani,/Users/prita/Desktop/Audio Fingerprinting/afp_bench/data/queries_44k/hindustani/hindustani_t0046_q2.wav,936.38,10.0,4205043433,False
hindustani_t0046_q3,hindustani_44_Raag_Abhogi,hindustani,/Users/prita/Desktop/Audio Fingerprinting/afp_bench/data/queries_44k/hindustani/hindustani_t0046_q3.wav,1244.66,10.0,4205043433,False
hindustani_t0046_q4,hindustani_44_Raag_Abhogi,hindustani,/Users/prita/Desktop/Audio Fingerprinting/afp_bench/data/queries_44k/hindustani/hindustani_t0046_q4.wav,1553.592,10.0,4205043433,False
hindustani_t0047_q0,hindustani_45_Raag_Megh,hindustani,/Users/prita/Desktop/Audio Fingerprinting/afp_bench/data/queries_44k/hindustani/hindustani_t0047_q0.wav,299.82,10.0,1914082049,False
hindustani_t0047_q1,hindustani_45_Raag_Megh,hindustani,/Users/prita/Desktop/Audio Fingerprinting/afp_bench/data/queries_44k/hindustani/hindustani_t0047_q1.wav,588.989,10.0,1914082049,False
hindustani_t0047_q2,hindustani_45_Raag_Megh,hindustani,/Users/prita/Desktop/Audio Fingerprinting/afp_bench/data/queries_44k/hindustani/hindustani_t0047_q2.wav,878.316,10.0,1914082049,False
hindustani_t0047_q3,hindustani_45_Raag_Megh,hindustani,/Users/prita/Desktop/Audio Fingerprinting/afp_bench/data/queries_44k/hindustani/hindustani_t0047_q3.wav,1168.045,10.0,1914082049,False
hindustani_t0047_q4,hindustani_45_Raag_Megh,hindustani,/Users/prita/Desktop/Audio Fingerprinting/afp_bench/data/queries_44k/hindustani/hindustani_t0047_q4.wav,1456.935,10.0,1914082049,False
hindustani_t0048_q0,hindustani_46_Raag_Bhimpalasi,hindustani,/Users/prita/Desktop/Audio Fingerprinting/afp_bench/data/queries_44k/hindustani/hindustani_t0048_q0.wav,150.869,10.0,4005392963,False
hindustani_t0048_q1,hindustani_46_Raag_Bhimpalasi,hindustani,/Users/prita/Desktop/Audio Fingerprinting/afp_bench/data/queries_44k/hindustani/hindustani_t0048_q1.wav,290.713,10.0,4005392963,False
hindustani_t0048_q2,hindustani_46_Raag_Bhimpalasi,hindustani,/Users/prita/Desktop/Audio Fingerprinting/afp_bench/data/queries_44k/hindustani/hindustani_t0048_q2.wav,431.469,10.0,4005392963,False
hindustani_t0048_q3,hindustani_46_Raag_Bhimpalasi,hindustani,/Users/prita/Desktop/Audio Fingerprinting/afp_bench/data/queries_44k/hindustani/hindustani_t0048_q3.wav,572.018,10.0,4005392963,False
hindustani_t0048_q4,hindustani_46_Raag_Bhimpalasi,hindustani,/Users/prita/Desktop/Audio Fingerprinting/afp_bench/data/queries_44k/hindustani/hindustani_t0048_q4.wav,712.099,10.0,4005392963,False
hindustani_t0049_q0,hindustani_47_Raag_Puriya,hindustani,/Users/prita/Desktop/Audio Fingerprinting/afp_bench/data/queries_44k/hindustani/hindustani_t0049_q0.wav,313.067,10.0,3228764443,False
hindustani_t0049_q1,hindustani_47_Raag_Puriya,hindustani,/Users/prita/Desktop/Audio Fingerprinting/afp_bench/data/queries_44k/hindustani/hindustani_t0049_q1.wav,616.771,10.0,3228764443,False
hindustani_t0049_q2,hindustani_47_Raag_Puriya,hindustani,/Users/prita/Desktop/Audio Fingerprinting/afp_bench/data/queries_44k/hindustani/hindustani_t0049_q2.wav,919.831,10.0,3228764443,False
hindustani_t0049_q3,hindustani_47_Raag_Puriya,hindustani,/Users/prita/Desktop/Audio Fingerprinting/afp_bench/data/queries_44k/hindustani/hindustani_t0049_q3.wav,1223.334,10.0,3228764443,False
hindustani_t0049_q4,hindustani_47_Raag_Puriya,hindustani,/Users/prita/Desktop/Audio Fingerprinting/afp_bench/data/queries_44k/hindustani/hindustani_t0049_q4.wav,1525.994,10.0,3228764443,False
hindustani_t0050_q0,hindustani_48_Raag_Bahar,hindustani,/Users/prita/Desktop/Audio Fingerprinting/afp_bench/data/queries_44k/hindustani/hindustani_t0050_q0.wav,118.83,10.0,3729037299,False
hindustani_t0050_q1,hindustani_48_Raag_Bahar,hindustani,/Users/prita/Desktop/Audio Fingerprinting/afp_bench/data/queries_44k/hindustani/hindustani_t0050_q1.wav,227.717,10.0,3729037299,False
hindustani_t0050_q2,hindustani_48_Raag_Bahar,hindustani,/Users/prita/Desktop/Audio Fingerprinting/afp_bench/data/queries_44k/hindustani/hindustani_t0050_q2.wav,336.794,10.0,3729037299,False
hindustani_t0050_q3,hindustani_48_Raag_Bahar,hindustani,/Users/prita/Desktop/Audio Fingerprinting/afp_bench/data/queries_44k/hindustani/hindustani_t0050_q3.wav,445.668,10.0,3729037299,False
hindustani_t0050_q4,hindustani_48_Raag_Bahar,hindustani,/Users/prita/Desktop/Audio Fingerprinting/afp_bench/data/queries_44k/hindustani/hindustani_t0050_q4.wav,554.657,10.0,3729037299,False
hindustani_t0051_q0,hindustani_4_Raag_Bhimpalasi,hindustani,/Users/prita/Desktop/Audio Fingerprinting/afp_bench/data/queries_44k/hindustani/hindustani_t0051_q0.wav,322.807,10.0,289449830,False
hindustani_t0051_q1,hindustani_4_Raag_Bhimpalasi,hindustani,/Users/prita/Desktop/Audio Fingerprinting/afp_bench/data/queries_44k/hindustani/hindustani_t0051_q1.wav,635.356,10.0,289449830,False
hindustani_t0051_q2,hindustani_4_Raag_Bhimpalasi,hindustani,/Users/prita/Desktop/Audio Fingerprinting/afp_bench/data/queries_44k/hindustani/hindustani_t0051_q2.wav,948.452,10.0,289449830,False
hindustani_t0051_q3,hindustani_4_Raag_Bhimpalasi,hindustani,/Users/prita/Desktop/Audio Fingerprinting/afp_bench/data/queries_44k/hindustani/hindustani_t0051_q3.wav,1261.638,10.0,289449830,False
hindustani_t0051_q4,hindustani_4_Raag_Bhimpalasi,hindustani,/Users/prita/Desktop/Audio Fingerprinting/afp_bench/data/queries_44k/hindustani/hindustani_t0051_q4.wav,1574.546,10.0,289449830,False
hindustani_t0052_q0,hindustani_50_Irani_Bhairavi_Thumri,hindustani,/Users/prita/Desktop/Audio Fingerprinting/afp_bench/data/queries_44k/hindustani/hindustani_t0052_q0.wav,64.719,10.0,689287454,False
hindustani_t0052_q1,hindustani_50_Irani_Bhairavi_Thumri,hindustani,/Users/prita/Desktop/Audio Fingerprinting/afp_bench/data/queries_44k/hindustani/hindustani_t0052_q1.wav,119.784,10.0,689287454,False
hindustani_t0052_q2,hindustani_50_Irani_Bhairavi_Thumri,hindustani,/Users/prita/Desktop/Audio Fingerprinting/afp_bench/data/queries_44k/hindustani/hindustani_t0052_q2.wav,175.583,10.0,689287454,False
hindustani_t0052_q3,hindustani_50_Irani_Bhairavi_Thumri,hindustani,/Users/prita/Desktop/Audio Fingerprinting/afp_bench/data/queries_44k/hindustani/hindustani_t0052_q3.wav,230.372,10.0,689287454,False
hindustani_t0052_q4,hindustani_50_Irani_Bhairavi_Thumri,hindustani,/Users/prita/Desktop/Audio Fingerprinting/afp_bench/data/queries_44k/hindustani/hindustani_t0052_q4.wav,284.81,10.0,689287454,False
hindustani_t0053_q0,hindustani_51_Raag_Bairagi,hindustani,/Users/prita/Desktop/Audio Fingerprinting/afp_bench/data/queries_44k/hindustani/hindustani_t0053_q0.wav,424.348,10.0,1479299718,True
hindustani_t0053_q1,hindustani_51_Raag_Bairagi,hindustani,/Users/prita/Desktop/Audio Fingerprinting/afp_bench/data/queries_44k/hindustani/hindustani_t0053_q1.wav,837.448,10.0,1479299718,True
hindustani_t0053_q2,hindustani_51_Raag_Bairagi,hindustani,/Users/prita/Desktop/Audio Fingerprinting/afp_bench/data/queries_44k/hindustani/hindustani_t0053_q2.wav,1252.033,10.0,1479299718,True
hindustani_t0053_q3,hindustani_51_Raag_Bairagi,hindustani,/Users/prita/Desktop/Audio Fingerprinting/afp_bench/data/queries_44k/hindustani/hindustani_t0053_q3.wav,1665.93,10.0,1479299718,True
hindustani_t0053_q4,hindustani_51_Raag_Bairagi,hindustani,/Users/prita/Desktop/Audio Fingerprinting/afp_bench/data/queries_44k/hindustani/hindustani_t0053_q4.wav,2079.424,10.0,1479299718,True
hindustani_t0054_q0,hindustani_52_Raag_Saraswati,hindustani,/Users/prita/Desktop/Audio Fingerprinting/afp_bench/data/queries_44k/hindustani/hindustani_t0054_q0.wav,136.56,10.0,2432629921,False
hindustani_t0054_q1,hindustani_52_Raag_Saraswati,hindustani,/Users/prita/Desktop/Audio Fingerprinting/afp_bench/data/queries_44k/hindustani/hindustani_t0054_q1.wav,263.323,10.0,2432629921,False
hindustani_t0054_q2,hindustani_52_Raag_Saraswati,hindustani,/Users/prita/Desktop/Audio Fingerprinting/afp_bench/data/queries_44k/hindustani/hindustani_t0054_q2.wav,389.98,10.0,2432629921,False
hindustani_t0054_q3,hindustani_52_Raag_Saraswati,hindustani,/Users/prita/Desktop/Audio Fingerprinting/afp_bench/data/queries_44k/hindustani/hindustani_t0054_q3.wav,516.422,10.0,2432629921,False
hindustani_t0054_q4,hindustani_52_Raag_Saraswati,hindustani,/Users/prita/Desktop/Audio Fingerprinting/afp_bench/data/queries_44k/hindustani/hindustani_t0054_q4.wav,643.766,10.0,2432629921,False
hindustani_t0055_q0,hindustani_53_Raag_Todi,hindustani,/Users/prita/Desktop/Audio Fingerprinting/afp_bench/data/queries_44k/hindustani/hindustani_t0055_q0.wav,716.145,10.0,2888261194,False
hindustani_t0055_q1,hindustani_53_Raag_Todi,hindustani,/Users/prita/Desktop/Audio Fingerprinting/afp_bench/data/queries_44k/hindustani/hindustani_t0055_q1.wav,1422.039,10.0,2888261194,False
hindustani_t0055_q2,hindustani_53_Raag_Todi,hindustani,/Users/prita/Desktop/Audio Fingerprinting/afp_bench/data/queries_44k/hindustani/hindustani_t0055_q2.wav,2127.357,10.0,2888261194,False
hindustani_t0055_q3,hindustani_53_Raag_Todi,hindustani,/Users/prita/Desktop/Audio Fingerprinting/afp_bench/data/queries_44k/hindustani/hindustani_t0055_q3.wav,2833.38,10.0,2888261194,False
hindustani_t0055_q4,hindustani_53_Raag_Todi,hindustani,/Users/prita/Desktop/Audio Fingerprinting/afp_bench/data/queries_44k/hindustani/hindustani_t0055_q4.wav,3539.773,10.0,2888261194,False
hindustani_t0056_q0,hindustani_54_Raag_Chandrakauns,hindustani,/Users/prita/Desktop/Audio Fingerprinting/afp_bench/data/queries_44k/hindustani/hindustani_t0056_q0.wav,44.596,10.0,3506661970,False
hindustani_t0056_q1,hindustani_54_Raag_Chandrakauns,hindustani,/Users/prita/Desktop/Audio Fingerprinting/afp_bench/data/queries_44k/hindustani/hindustani_t0056_q1.wav,79.766,10.0,3506661970,False
hindustani_t0056_q2,hindustani_54_Raag_Chandrakauns,hindustani,/Users/prita/Desktop/Audio Fingerprinting/afp_bench/data/queries_44k/hindustani/hindustani_t0056_q2.wav,114.492,10.0,3506661970,False
hindustani_t0056_q3,hindustani_54_Raag_Chandrakauns,hindustani,/Users/prita/Desktop/Audio Fingerprinting/afp_bench/data/queries_44k/hindustani/hindustani_t0056_q3.wav,149.587,10.0,3506661970,False
hindustani_t0056_q4,hindustani_54_Raag_Chandrakauns,hindustani,/Users/prita/Desktop/Audio Fingerprinting/afp_bench/data/queries_44k/hindustani/hindustani_t0056_q4.wav,184.615,10.0,3506661970,False
hindustani_t0057_q0,hindustani_55_Majh_Khamaj_Thumri,hindustani,/Users/prita/Desktop/Audio Fingerprinting/afp_bench/data/queries_44k/hindustani/hindustani_t0057_q0.wav,58.773,10.0,562196929,False
hindustani_t0057_q1,hindustani_55_Majh_Khamaj_Thumri,hindustani,/Users/prita/Desktop/Audio Fingerprinting/afp_bench/data/queries_44k/hindustani/hindustani_t0057_q1.wav,107.751,10.0,562196929,False
hindustani_t0057_q2,hindustani_55_Majh_Khamaj_Thumri,hindustani,/Users/prita/Desktop/Audio Fingerprinting/afp_bench/data/queries_44k/hindustani/hindustani_t0057_q2.wav,156.973,10.0,562196929,False
hindustani_t0057_q3,hindustani_55_Majh_Khamaj_Thumri,hindustani,/Users/prita/Desktop/Audio Fingerprinting/afp_bench/data/queries_44k/hindustani/hindustani_t0057_q3.wav,206.066,10.0,562196929,False
hindustani_t0057_q4,hindustani_55_Majh_Khamaj_Thumri,hindustani,/Users/prita/Desktop/Audio Fingerprinting/afp_bench/data/queries_44k/hindustani/hindustani_t0057_q4.wav,254.244,10.0,562196929,False
hindustani_t0058_q0,hindustani_56_Raag_Malkauns,hindustani,/Users/prita/Desktop/Audio Fingerprinting/afp_bench/data/queries_44k/hindustani/hindustani_t0058_q0.wav,391.833,10.0,1827050869,True
hindustani_t0058_q1,hindustani_56_Raag_Malkauns,hindustani,/Users/prita/Desktop/Audio Fingerprinting/afp_bench/data/queries_44k/hindustani/hindustani_t0058_q1.wav,773.248,10.0,1827050869,True
hindustani_t0058_q2,hindustani_56_Raag_Malkauns,hindustani,/Users/prita/Desktop/Audio Fingerprinting/afp_bench/data/queries_44k/hindustani/hindustani_t0058_q2.wav,1153.758,10.0,1827050869,True
hindustani_t0058_q3,hindustani_56_Raag_Malkauns,hindustani,/Users/prita/Desktop/Audio Fingerprinting/afp_bench/data/queries_44k/hindustani/hindustani_t0058_q3.wav,1535.474,10.0,1827050869,True
hindustani_t0058_q4,hindustani_56_Raag_Malkauns,hindustani,/Users/prita/Desktop/Audio Fingerprinting/afp_bench/data/queries_44k/hindustani/hindustani_t0058_q4.wav,1916.601,10.0,1827050869,True
hindustani_t0059_q0,hindustani_57_Raag_Hameer,hindustani,/Users/prita/Desktop/Audio Fingerprinting/afp_bench/data/queries_44k/hindustani/hindustani_t0059_q0.wav,155.476,10.0,1069761369,False
hindustani_t0059_q1,hindustani_57_Raag_Hameer,hindustani,/Users/prita/Desktop/Audio Fingerprinting/afp_bench/data/queries_44k/hindustani/hindustani_t0059_q1.wav,299.959,10.0,1069761369,False
hindustani_t0059_q2,hindustani_57_Raag_Hameer,hindustani,/Users/prita/Desktop/Audio Fingerprinting/afp_bench/data/queries_44k/hindustani/hindustani_t0059_q2.wav,445.309,10.0,1069761369,False
hindustani_t0059_q3,hindustani_57_Raag_Hameer,hindustani,/Users/prita/Desktop/Audio Fingerprinting/afp_bench/data/queries_44k/hindustani/hindustani_t0059_q3.wav,591.055,10.0,1069761369,False
hindustani_t0059_q4,hindustani_57_Raag_Hameer,hindustani,/Users/prita/Desktop/Audio Fingerprinting/afp_bench/data/queries_44k/hindustani/hindustani_t0059_q4.wav,736.076,10.0,1069761369,False
hindustani_t0060_q0,hindustani_58_Raag_Jog,hindustani,/Users/prita/Desktop/Audio Fingerprinting/afp_bench/data/queries_44k/hindustani/hindustani_t0060_q0.wav,340.212,10.0,3781616856,True
hindustani_t0060_q1,hindustani_58_Raag_Jog,hindustani,/Users/prita/Desktop/Audio Fingerprinting/afp_bench/data/queries_44k/hindustani/hindustani_t0060_q1.wav,671.026,10.0,3781616856,True
hindustani_t0060_q2,hindustani_58_Raag_Jog,hindustani,/Users/prita/Desktop/Audio Fingerprinting/afp_bench/data/queries_44k/hindustani/hindustani_t0060_q2.wav,1001.869,10.0,3781616856,True
hindustani_t0060_q3,hindustani_58_Raag_Jog,hindustani,/Users/prita/Desktop/Audio Fingerprinting/afp_bench/data/queries_44k/hindustani/hindustani_t0060_q3.wav,1332.379,10.0,3781616856,True
hindustani_t0060_q4,hindustani_58_Raag_Jog,hindustani,/Users/prita/Desktop/Audio Fingerprinting/afp_bench/data/queries_44k/hindustani/hindustani_t0060_q4.wav,1663.357,10.0,3781616856,True
hindustani_t0061_q0,hindustani_59_Bairagi,hindustani,/Users/prita/Desktop/Audio Fingerprinting/afp_bench/data/queries_44k/hindustani/hindustani_t0061_q0.wav,154.794,10.0,1393527056,True
hindustani_t0061_q1,hindustani_59_Bairagi,hindustani,/Users/prita/Desktop/Audio Fingerprinting/afp_bench/data/queries_44k/hindustani/hindustani_t0061_q1.wav,299.161,10.0,1393527056,True
hindustani_t0061_q2,hindustani_59_Bairagi,hindustani,/Users/prita/Desktop/Audio Fingerprinting/afp_bench/data/queries_44k/hindustani/hindustani_t0061_q2.wav,444.161,10.0,1393527056,True
hindustani_t0061_q3,hindustani_59_Bairagi,hindustani,/Users/prita/Desktop/Audio Fingerprinting/afp_bench/data/queries_44k/hindustani/hindustani_t0061_q3.wav,589.503,10.0,1393527056,True
hindustani_t0061_q4,hindustani_59_Bairagi,hindustani,/Users/prita/Desktop/Audio Fingerprinting/afp_bench/data/queries_44k/hindustani/hindustani_t0061_q4.wav,734.013,10.0,1393527056,True
hindustani_t0062_q0,hindustani_5_Raag_Kalyan,hindustani,/Users/prita/Desktop/Audio Fingerprinting/afp_bench/data/queries_44k/hindustani/hindustani_t0062_q0.wav,343.188,10.0,3529973204,True
hindustani_t0062_q1,hindustani_5_Raag_Kalyan,hindustani,/Users/prita/Desktop/Audio Fingerprinting/afp_bench/data/queries_44k/hindustani/hindustani_t0062_q1.wav,677.325,10.0,3529973204,True
hindustani_t0062_q2,hindustani_5_Raag_Kalyan,hindustani,/Users/prita/Desktop/Audio Fingerprinting/afp_bench/data/queries_44k/hindustani/hindustani_t0062_q2.wav,1010.551,10.0,3529973204,True
hindustani_t0062_q3,hindustani_5_Raag_Kalyan,hindustani,/Users/prita/Desktop/Audio Fingerprinting/afp_bench/data/queries_44k/hindustani/hindustani_t0062_q3.wav,1344.811,10.0,3529973204,True
hindustani_t0062_q4,hindustani_5_Raag_Kalyan,hindustani,/Users/prita/Desktop/Audio Fingerprinting/afp_bench/data/queries_44k/hindustani/hindustani_t0062_q4.wav,1678.687,10.0,3529973204,True
hindustani_t0063_q0,hindustani_60_Taal_and_Sur_of_Thekas,hindustani,/Users/prita/Desktop/Audio Fingerprinting/afp_bench/data/queries_44k/hindustani/hindustani_t0063_q0.wav,52.218,10.0,3151692050,False
hindustani_t0063_q1,hindustani_60_Taal_and_Sur_of_Thekas,hindustani,/Users/prita/Desktop/Audio Fingerprinting/afp_bench/data/queries_44k/hindustani/hindustani_t0063_q1.wav,94.542,10.0,3151692050,False
hindustani_t0063_q2,hindustani_60_Taal_and_Sur_of_Thekas,hindustani,/Users/prita/Desktop/Audio Fingerprinting/afp_bench/data/queries_44k/hindustani/hindustani_t0063_q2.wav,137.336,10.0,3151692050,False
hindustani_t0063_q3,hindustani_60_Taal_and_Sur_of_Thekas,hindustani,/Users/prita/Desktop/Audio Fingerprinting/afp_bench/data/queries_44k/hindustani/hindustani_t0063_q3.wav,179.113,10.0,3151692050,False
hindustani_t0063_q4,hindustani_60_Taal_and_Sur_of_Thekas,hindustani,/Users/prita/Desktop/Audio Fingerprinting/afp_bench/data/queries_44k/hindustani/hindustani_t0063_q4.wav,221.641,10.0,3151692050,False
hindustani_t0064_q0,hindustani_61_Shrutinandan_Concept_-_an_Introduction_by_Pandit_Ajoy_Chakrabarty,hindustani,/Users/prita/Desktop/Audio Fingerprinting/afp_bench/data/queries_44k/hindustani/hindustani_t0064_q0.wav,69.732,10.0,3963687877,False
hindustani_t0064_q1,hindustani_61_Shrutinandan_Concept_-_an_Introduction_by_Pandit_Ajoy_Chakrabarty,hindustani,/Users/prita/Desktop/Audio Fingerprinting/afp_bench/data/queries_44k/hindustani/hindustani_t0064_q1.wav,129.316,10.0,3963687877,False
hindustani_t0064_q2,hindustani_61_Shrutinandan_Concept_-_an_Introduction_by_Pandit_Ajoy_Chakrabarty,hindustani,/Users/prita/Desktop/Audio Fingerprinting/afp_bench/data/queries_44k/hindustani/hindustani_t0064_q2.wav,189.663,10.0,3963687877,False
hindustani_t0064_q3,hindustani_61_Shrutinandan_Concept_-_an_Introduction_by_Pandit_Ajoy_Chakrabarty,hindustani,/Users/prita/Desktop/Audio Fingerprinting/afp_bench/data/queries_44k/hindustani/hindustani_t0064_q3.wav,249.273,10.0,3963687877,False
hindustani_t0064_q4,hindustani_61_Shrutinandan_Concept_-_an_Introduction_by_Pandit_Ajoy_Chakrabarty,hindustani,/Users/prita/Desktop/Audio Fingerprinting/afp_bench/data/queries_44k/hindustani/hindustani_t0064_q4.wav,309.226,10.0,3963687877,False
hindustani_t0065_q0,hindustani_62_Malkauns,hindustani,/Users/prita/Desktop/Audio Fingerprinting/afp_bench/data/queries_44k/hindustani/hindustani_t0065_q0.wav,60.154,10.0,3925428235,False
hindustani_t0065_q1,hindustani_62_Malkauns,hindustani,/Users/prita/Desktop/Audio Fingerprinting/afp_bench/data/queries_44k/hindustani/hindustani_t0065_q1.wav,110.962,10.0,3925428235,False
hindustani_t0065_q2,hindustani_62_Malkauns,hindustani,/Users/prita/Desktop/Audio Fingerprinting/afp_bench/data/queries_44k/hindustani/hindustani_t0065_q2.wav,161.422,10.0,3925428235,False
hindustani_t0065_q3,hindustani_62_Malkauns,hindustani,/Users/prita/Desktop/Audio Fingerprinting/afp_bench/data/queries_44k/hindustani/hindustani_t0065_q3.wav,211.907,10.0,3925428235,False
hindustani_t0065_q4,hindustani_62_Malkauns,hindustani,/Users/prita/Desktop/Audio Fingerprinting/afp_bench/data/queries_44k/hindustani/hindustani_t0065_q4.wav,262.718,10.0,3925428235,False
hindustani_t0066_q0,hindustani_63_Multani,hindustani,/Users/prita/Desktop/Audio Fingerprinting/afp_bench/data/queries_44k/hindustani/hindustani_t0066_q0.wav,115.436,10.0,3334488769,False
hindustani_t0066_q1,hindustani_63_Multani,hindustani,/Users/prita/Desktop/Audio Fingerprinting/afp_bench/data/queries_44k/hindustani/hindustani_t0066_q1.wav,221.629,10.0,3334488769,False
hindustani_t0066_q2,hindustani_63_Multani,hindustani,/Users/prita/Desktop/Audio Fingerprinting/afp_bench/data/queries_44k/hindustani/hindustani_t0066_q2.wav,327.784,10.0,3334488769,False
hindustani_t0066_q3,hindustani_63_Multani,hindustani,/Users/prita/Desktop/Audio Fingerprinting/afp_bench/data/queries_44k/hindustani/hindustani_t0066_q3.wav,433.633,10.0,3334488769,False
hindustani_t0066_q4,hindustani_63_Multani,hindustani,/Users/prita/Desktop/Audio Fingerprinting/afp_bench/data/queries_44k/hindustani/hindustani_t0066_q4.wav,539.111,10.0,3334488769,False
hindustani_t0067_q0,hindustani_64_Todi,hindustani,/Users/prita/Desktop/Audio Fingerprinting/afp_bench/data/queries_44k/hindustani/hindustani_t0067_q0.wav,94.67,10.0,195357925,False
hindustani_t0067_q1,hindustani_64_Todi,hindustani,/Users/prita/Desktop/Audio Fingerprinting/afp_bench/data/queries_44k/hindustani/hindustani_t0067_q1.wav,180.047,10.0,195357925,False
hindustani_t0067_q2,hindustani_64_Todi,hindustani,/Users/prita/Desktop/Audio Fingerprinting/afp_bench/data/queries_44k/hindustani/hindustani_t0067_q2.wav,265.918,10.0,195357925,False
hindustani_t0067_q3,hindustani_64_Todi,hindustani,/Users/prita/Desktop/Audio Fingerprinting/afp_bench/data/queries_44k/hindustani/hindustani_t0067_q3.wav,350.918,10.0,195357925,False
hindustani_t0067_q4,hindustani_64_Todi,hindustani,/Users/prita/Desktop/Audio Fingerprinting/afp_bench/data/queries_44k/hindustani/hindustani_t0067_q4.wav,435.663,10.0,195357925,False
hindustani_t0068_q0,hindustani_65_Nat_Bhairon,hindustani,/Users/prita/Desktop/Audio Fingerprinting/afp_bench/data/queries_44k/hindustani/hindustani_t0068_q0.wav,111.784,10.0,441195736,False
hindustani_t0068_q1,hindustani_65_Nat_Bhairon,hindustani,/Users/prita/Desktop/Audio Fingerprinting/afp_bench/data/queries_44k/hindustani/hindustani_t0068_q1.wav,212.137,10.0,441195736,False
hindustani_t0068_q2,hindustani_65_Nat_Bhairon,hindustani,/Users/prita/Desktop/Audio Fingerprinting/afp_bench/data/queries_44k/hindustani/hindustani_t0068_q2.wav,313.828,10.0,441195736,False
hindustani_t0068_q3,hindustani_65_Nat_Bhairon,hindustani,/Users/prita/Desktop/Audio Fingerprinting/afp_bench/data/queries_44k/hindustani/hindustani_t0068_q3.wav,414.721,10.0,441195736,False
hindustani_t0068_q4,hindustani_65_Nat_Bhairon,hindustani,/Users/prita/Desktop/Audio Fingerprinting/afp_bench/data/queries_44k/hindustani/hindustani_t0068_q4.wav,516.868,10.0,441195736,False
hindustani_t0069_q0,hindustani_66_Aahir_Bhairon,hindustani,/Users/prita/Desktop/Audio Fingerprinting/afp_bench/data/queries_44k/hindustani/hindustani_t0069_q0.wav,102.687,10.0,1596592328,False
hindustani_t0069_q1,hindustani_66_Aahir_Bhairon,hindustani,/Users/prita/Desktop/Audio Fingerprinting/afp_bench/data/queries_44k/hindustani/hindustani_t0069_q1.wav,196.344,10.0,1596592328,False
hindustani_t0069_q2,hindustani_66_Aahir_Bhairon,hindustani,/Users/prita/Desktop/Audio Fingerprinting/afp_bench/data/queries_44k/hindustani/hindustani_t0069_q2.wav,289.321,10.0,1596592328,False
hindustani_t0069_q3,hindustani_66_Aahir_Bhairon,hindustani,/Users/prita/Desktop/Audio Fingerprinting/afp_bench/data/queries_44k/hindustani/hindustani_t0069_q3.wav,382.563,10.0,1596592328,False
hindustani_t0069_q4,hindustani_66_Aahir_Bhairon,hindustani,/Users/prita/Desktop/Audio Fingerprinting/afp_bench/data/queries_44k/hindustani/hindustani_t0069_q4.wav,475.929,10.0,1596592328,False
hindustani_t0070_q0,hindustani_67_Sudh_Sarang,hindustani,/Users/prita/Desktop/Audio Fingerprinting/afp_bench/data/queries_44k/hindustani/hindustani_t0070_q0.wav,138.858,10.0,2258778015,True
hindustani_t0070_q1,hindustani_67_Sudh_Sarang,hindustani,/Users/prita/Desktop/Audio Fingerprinting/afp_bench/data/queries_44k/hindustani/hindustani_t0070_q1.wav,268.066,10.0,2258778015,True
hindustani_t0070_q2,hindustani_67_Sudh_Sarang,hindustani,/Users/prita/Desktop/Audio Fingerprinting/afp_bench/data/queries_44k/hindustani/hindustani_t0070_q2.wav,397.521,10.0,2258778015,True
hindustani_t0070_q3,hindustani_67_Sudh_Sarang,hindustani,/Users/prita/Desktop/Audio Fingerprinting/afp_bench/data/queries_44k/hindustani/hindustani_t0070_q3.wav,525.972,10.0,2258778015,True
hindustani_t0070_q4,hindustani_67_Sudh_Sarang,hindustani,/Users/prita/Desktop/Audio Fingerprinting/afp_bench/data/queries_44k/hindustani/hindustani_t0070_q4.wav,655.989,10.0,2258778015,True
hindustani_t0071_q0,hindustani_68_Raageshree,hindustani,/Users/prita/Desktop/Audio Fingerprinting/afp_bench/data/queries_44k/hindustani/hindustani_t0071_q0.wav,87.397,10.0,1357376157,False
hindustani_t0071_q1,hindustani_68_Raageshree,hindustani,/Users/prita/Desktop/Audio Fingerprinting/afp_bench/data/queries_44k/hindustani/hindustani_t0071_q1.wav,163.451,10.0,1357376157,False
hindustani_t0071_q2,hindustani_68_Raageshree,hindustani,/Users/prita/Desktop/Audio Fingerprinting/afp_bench/data/queries_44k/hindustani/hindustani_t0071_q2.wav,240.498,10.0,1357376157,False
hindustani_t0071_q3,hindustani_68_Raageshree,hindustani,/Users/prita/Desktop/Audio Fingerprinting/afp_bench/data/queries_44k/hindustani/hindustani_t0071_q3.wav,318.053,10.0,1357376157,False
hindustani_t0071_q4,hindustani_68_Raageshree,hindustani,/Users/prita/Desktop/Audio Fingerprinting/afp_bench/data/queries_44k/hindustani/hindustani_t0071_q4.wav,395.333,10.0,1357376157,False
hindustani_t0072_q0,hindustani_69_Sudh_Kalyan,hindustani,/Users/prita/Desktop/Audio Fingerprinting/afp_bench/data/queries_44k/hindustani/hindustani_t0072_q0.wav,155.669,10.0,2096708531,True
hindustani_t0072_q1,hindustani_69_Sudh_Kalyan,hindustani,/Users/prita/Desktop/Audio Fingerprinting/afp_bench/data/queries_44k/hindustani/hindustani_t0072_q1.wav,300.467,10.0,2096708531,True
hindustani_t0072_q2,hindustani_69_Sudh_Kalyan,hindustani,/Users/prita/Desktop/Audio Fingerprinting/afp_bench/data/queries_44k/hindustani/hindustani_t0072_q2.wav,446.036,10.0,2096708531,True
hindustani_t0072_q3,hindustani_69_Sudh_Kalyan,hindustani,/Users/prita/Desktop/Audio Fingerprinting/afp_bench/data/queries_44k/hindustani/hindustani_t0072_q3.wav,591.622,10.0,2096708531,True
hindustani_t0072_q4,hindustani_69_Sudh_Kalyan,hindustani,/Users/prita/Desktop/Audio Fingerprinting/afp_bench/data/queries_44k/hindustani/hindustani_t0072_q4.wav,737.813,10.0,2096708531,True
hindustani_t0073_q0,hindustani_6_Bhairavi_Bhajan,hindustani,/Users/prita/Desktop/Audio Fingerprinting/afp_bench/data/queries_44k/hindustani/hindustani_t0073_q0.wav,154.833,10.0,2571364344,False
hindustani_t0073_q1,hindustani_6_Bhairavi_Bhajan,hindustani,/Users/prita/Desktop/Audio Fingerprinting/afp_bench/data/queries_44k/hindustani/hindustani_t0073_q1.wav,300.072,10.0,2571364344,False
hindustani_t0073_q2,hindustani_6_Bhairavi_Bhajan,hindustani,/Users/prita/Desktop/Audio Fingerprinting/afp_bench/data/queries_44k/hindustani/hindustani_t0073_q2.wav,444.197,10.0,2571364344,False
hindustani_t0073_q3,hindustani_6_Bhairavi_Bhajan,hindustani,/Users/prita/Desktop/Audio Fingerprinting/afp_bench/data/queries_44k/hindustani/hindustani_t0073_q3.wav,589.035,10.0,2571364344,False
hindustani_t0073_q4,hindustani_6_Bhairavi_Bhajan,hindustani,/Users/prita/Desktop/Audio Fingerprinting/afp_bench/data/queries_44k/hindustani/hindustani_t0073_q4.wav,733.593,10.0,2571364344,False
hindustani_t0074_q0,hindustani_71_Bilaskhani_Todi,hindustani,/Users/prita/Desktop/Audio Fingerprinting/afp_bench/data/queries_44k/hindustani/hindustani_t0074_q0.wav,147.404,10.0,1806077905,False
hindustani_t0074_q1,hindustani_71_Bilaskhani_Todi,hindustani,/Users/prita/Desktop/Audio Fingerprinting/afp_bench/data/queries_44k/hindustani/hindustani_t0074_q1.wav,284.526,10.0,1806077905,False
hindustani_t0074_q2,hindustani_71_Bilaskhani_Todi,hindustani,/Users/prita/Desktop/Audio Fingerprinting/afp_bench/data/queries_44k/hindustani/hindustani_t0074_q2.wav,421.543,10.0,1806077905,False
hindustani_t0074_q3,hindustani_71_Bilaskhani_Todi,hindustani,/Users/prita/Desktop/Audio Fingerprinting/afp_bench/data/queries_44k/hindustani/hindustani_t0074_q3.wav,559.264,10.0,1806077905,False
hindustani_t0074_q4,hindustani_71_Bilaskhani_Todi,hindustani,/Users/prita/Desktop/Audio Fingerprinting/afp_bench/data/queries_44k/hindustani/hindustani_t0074_q4.wav,696.101,10.0,1806077905,False
hindustani_t0075_q0,hindustani_72_Maru_Bihag,hindustani,/Users/prita/Desktop/Audio Fingerprinting/afp_bench/data/queries_44k/hindustani/hindustani_t0075_q0.wav,164.809,10.0,3416047810,False
hindustani_t0075_q1,hindustani_72_Maru_Bihag,hindustani,/Users/prita/Desktop/Audio Fingerprinting/afp_bench/data/queries_44k/hindustani/hindustani_t0075_q1.wav,320.134,10.0,3416047810,False
hindustani_t0075_q2,hindustani_72_Maru_Bihag,hindustani,/Users/prita/Desktop/Audio Fingerprinting/afp_bench/data/queries_44k/hindustani/hindustani_t0075_q2.wav,475.999,10.0,3416047810,False
hindustani_t0075_q3,hindustani_72_Maru_Bihag,hindustani,/Users/prita/Desktop/Audio Fingerprinting/afp_bench/data/queries_44k/hindustani/hindustani_t0075_q3.wav,631.076,10.0,3416047810,False
hindustani_t0075_q4,hindustani_72_Maru_Bihag,hindustani,/Users/prita/Desktop/Audio Fingerprinting/afp_bench/data/queries_44k/hindustani/hindustani_t0075_q4.wav,785.418,10.0,3416047810,False
hindustani_t0076_q0,hindustani_73_Kalavati,hindustani,/Users/prita/Desktop/Audio Fingerprinting/afp_bench/data/queries_44k/hindustani/hindustani_t0076_q0.wav,61.879,10.0,3223327151,False
hindustani_t0076_q1,hindustani_73_Kalavati,hindustani,/Users/prita/Desktop/Audio Fingerprinting/afp_bench/data/queries_44k/hindustani/hindustani_t0076_q1.wav,114.303,10.0,3223327151,False
hindustani_t0076_q2,hindustani_73_Kalavati,hindustani,/Users/prita/Desktop/Audio Fingerprinting/afp_bench/data/queries_44k/hindustani/hindustani_t0076_q2.wav,166.49,10.0,3223327151,False
hindustani_t0076_q3,hindustani_73_Kalavati,hindustani,/Users/prita/Desktop/Audio Fingerprinting/afp_bench/data/queries_44k/hindustani/hindustani_t0076_q3.wav,219.393,10.0,3223327151,False
hindustani_t0076_q4,hindustani_73_Kalavati,hindustani,/Users/prita/Desktop/Audio Fingerprinting/afp_bench/data/queries_44k/hindustani/hindustani_t0076_q4.wav,271.526,10.0,3223327151,False
hindustani_t0077_q0,hindustani_74_Raag_Marwa,hindustani,/Users/prita/Desktop/Audio Fingerprinting/afp_bench/data/queries_44k/hindustani/hindustani_t0077_q0.wav,345.182,10.0,3340379655,False
hindustani_t0077_q1,hindustani_74_Raag_Marwa,hindustani,/Users/prita/Desktop/Audio Fingerprinting/afp_bench/data/queries_44k/hindustani/hindustani_t0077_q1.wav,679.728,10.0,3340379655,False
hindustani_t0077_q2,hindustani_74_Raag_Marwa,hindustani,/Users/prita/Desktop/Audio Fingerprinting/afp_bench/data/queries_44k/hindustani/hindustani_t0077_q2.wav,1014.533,10.0,3340379655,False
hindustani_t0077_q3,hindustani_74_Raag_Marwa,hindustani,/Users/prita/Desktop/Audio Fingerprinting/afp_bench/data/queries_44k/hindustani/hindustani_t0077_q3.wav,1349.892,10.0,3340379655,False
hindustani_t0077_q4,hindustani_74_Raag_Marwa,hindustani,/Users/prita/Desktop/Audio Fingerprinting/afp_bench/data/queries_44k/hindustani/hindustani_t0077_q4.wav,1684.509,10.0,3340379655,False
hindustani_t0078_q0,hindustani_75_Raag_Hameer,hindustani,/Users/prita/Desktop/Audio Fingerprinting/afp_bench/data/queries_44k/hindustani/hindustani_t0078_q0.wav,193.827,10.0,3491661389,False
hindustani_t0078_q1,hindustani_75_Raag_Hameer,hindustani,/Users/prita/Desktop/Audio Fingerprinting/afp_bench/data/queries_44k/hindustani/hindustani_t0078_q1.wav,376.922,10.0,3491661389,False
hindustani_t0078_q2,hindustani_75_Raag_Hameer,hindustani,/Users/prita/Desktop/Audio Fingerprinting/afp_bench/data/queries_44k/hindustani/hindustani_t0078_q2.wav,560.534,10.0,3491661389,False
hindustani_t0078_q3,hindustani_75_Raag_Hameer,hindustani,/Users/prita/Desktop/Audio Fingerprinting/afp_bench/data/queries_44k/hindustani/hindustani_t0078_q3.wav,744.59,10.0,3491661389,False
hindustani_t0078_q4,hindustani_75_Raag_Hameer,hindustani,/Users/prita/Desktop/Audio Fingerprinting/afp_bench/data/queries_44k/hindustani/hindustani_t0078_q4.wav,928.294,10.0,3491661389,False
hindustani_t0079_q0,hindustani_76_Raag_Ahir_Bhairon,hindustani,/Users/prita/Desktop/Audio Fingerprinting/afp_bench/data/queries_44k/hindustani/hindustani_t0079_q0.wav,398.741,10.0,4142814215,False
hindustani_t0079_q1,hindustani_76_Raag_Ahir_Bhairon,hindustani,/Users/prita/Desktop/Audio Fingerprinting/afp_bench/data/queries_44k/hindustani/hindustani_t0079_q1.wav,788.814,10.0,4142814215,False
hindustani_t0079_q2,hindustani_76_Raag_Ahir_Bhairon,hindustani,/Users/prita/Desktop/Audio Fingerprinting/afp_bench/data/queries_44k/hindustani/hindustani_t0079_q2.wav,1177.885,10.0,4142814215,False
hindustani_t0079_q3,hindustani_76_Raag_Ahir_Bhairon,hindustani,/Users/prita/Desktop/Audio Fingerprinting/afp_bench/data/queries_44k/hindustani/hindustani_t0079_q3.wav,1566.763,10.0,4142814215,False
hindustani_t0079_q4,hindustani_76_Raag_Ahir_Bhairon,hindustani,/Users/prita/Desktop/Audio Fingerprinting/afp_bench/data/queries_44k/hindustani/hindustani_t0079_q4.wav,1956.351,10.0,4142814215,False
hindustani_t0080_q0,hindustani_77_Raag_Todi,hindustani,/Users/prita/Desktop/Audio Fingerprinting/afp_bench/data/queries_44k/hindustani/hindustani_t0080_q0.wav,180.569,10.0,324414936,False
hindustani_t0080_q1,hindustani_77_Raag_Todi,hindustani,/Users/prita/Desktop/Audio Fingerprinting/afp_bench/data/queries_44k/hindustani/hindustani_t0080_q1.wav,351.743,10.0,324414936,False
hindustani_t0080_q2,hindustani_77_Raag_Todi,hindustani,/Users/prita/Desktop/Audio Fingerprinting/afp_bench/data/queries_44k/hindustani/hindustani_t0080_q2.wav,523.135,10.0,324414936,False
hindustani_t0080_q3,hindustani_77_Raag_Todi,hindustani,/Users/prita/Desktop/Audio Fingerprinting/afp_bench/data/queries_44k/hindustani/hindustani_t0080_q3.wav,694.031,10.0,324414936,False
hindustani_t0080_q4,hindustani_77_Raag_Todi,hindustani,/Users/prita/Desktop/Audio Fingerprinting/afp_bench/data/queries_44k/hindustani/hindustani_t0080_q4.wav,864.988,10.0,324414936,False
hindustani_t0081_q0,hindustani_79_Raag_Gaud_Malhar,hindustani,/Users/prita/Desktop/Audio Fingerprinting/afp_bench/data/queries_44k/hindustani/hindustani_t0081_q0.wav,163.351,10.0,1935509677,False
hindustani_t0081_q1,hindustani_79_Raag_Gaud_Malhar,hindustani,/Users/prita/Desktop/Audio Fingerprinting/afp_bench/data/queries_44k/hindustani/hindustani_t0081_q1.wav,317.325,10.0,1935509677,False
hindustani_t0081_q2,hindustani_79_Raag_Gaud_Malhar,hindustani,/Users/prita/Desktop/Audio Fingerprinting/afp_bench/data/queries_44k/hindustani/hindustani_t0081_q2.wav,470.966,10.0,1935509677,False
hindustani_t0081_q3,hindustani_79_Raag_Gaud_Malhar,hindustani,/Users/prita/Desktop/Audio Fingerprinting/afp_bench/data/queries_44k/hindustani/hindustani_t0081_q3.wav,625.196,10.0,1935509677,False
hindustani_t0081_q4,hindustani_79_Raag_Gaud_Malhar,hindustani,/Users/prita/Desktop/Audio Fingerprinting/afp_bench/data/queries_44k/hindustani/hindustani_t0081_q4.wav,778.718,10.0,1935509677,False
hindustani_t0082_q0,hindustani_7_Raag_Bageshree,hindustani,/Users/prita/Desktop/Audio Fingerprinting/afp_bench/data/queries_44k/hindustani/hindustani_t0082_q0.wav,387.641,10.0,3474453826,False
hindustani_t0082_q1,hindustani_7_Raag_Bageshree,hindustani,/Users/prita/Desktop/Audio Fingerprinting/afp_bench/data/queries_44k/hindustani/hindustani_t0082_q1.wav,764.154,10.0,3474453826,False
hindustani_t0082_q2,hindustani_7_Raag_Bageshree,hindustani,/Users/prita/Desktop/Audio Fingerprinting/afp_bench/data/queries_44k/hindustani/hindustani_t0082_q2.wav,1141.785,10.0,3474453826,False
hindustani_t0082_q3,hindustani_7_Raag_Bageshree,hindustani,/Users/prita/Desktop/Audio Fingerprinting/afp_bench/data/queries_44k/hindustani/hindustani_t0082_q3.wav,1519.282,10.0,3474453826,False
hindustani_t0082_q4,hindustani_7_Raag_Bageshree,hindustani,/Users/prita/Desktop/Audio Fingerprinting/afp_bench/data/queries_44k/hindustani/hindustani_t0082_q4.wav,1896.488,10.0,3474453826,False
hindustani_t0083_q0,hindustani_80_Bhairavi_Dadra,hindustani,/Users/prita/Desktop/Audio Fingerprinting/afp_bench/data/queries_44k/hindustani/hindustani_t0083_q0.wav,105.708,10.0,2359809589,False
hindustani_t0083_q1,hindustani_80_Bhairavi_Dadra,hindustani,/Users/prita/Desktop/Audio Fingerprinting/afp_bench/data/queries_44k/hindustani/hindustani_t0083_q1.wav,200.429,10.0,2359809589,False
hindustani_t0083_q2,hindustani_80_Bhairavi_Dadra,hindustani,/Users/prita/Desktop/Audio Fingerprinting/afp_bench/data/queries_44k/hindustani/hindustani_t0083_q2.wav,295.464,10.0,2359809589,False
hindustani_t0083_q3,hindustani_80_Bhairavi_Dadra,hindustani,/Users/prita/Desktop/Audio Fingerprinting/afp_bench/data/queries_44k/hindustani/hindustani_t0083_q3.wav,391.31,10.0,2359809589,False
hindustani_t0083_q4,hindustani_80_Bhairavi_Dadra,hindustani,/Users/prita/Desktop/Audio Fingerprinting/afp_bench/data/queries_44k/hindustani/hindustani_t0083_q4.wav,486.317,10.0,2359809589,False
hindustani_t0084_q0,hindustani_81_Raag_Bihag,hindustani,/Users/prita/Desktop/Audio Fingerprinting/afp_bench/data/queries_44k/hindustani/hindustani_t0084_q0.wav,424.669,10.0,859885924,False
hindustani_t0084_q1,hindustani_81_Raag_Bihag,hindustani,/Users/prita/Desktop/Audio Fingerprinting/afp_bench/data/queries_44k/hindustani/hindustani_t0084_q1.wav,839.232,10.0,859885924,False
hindustani_t0084_q2,hindustani_81_Raag_Bihag,hindustani,/Users/prita/Desktop/Audio Fingerprinting/afp_bench/data/queries_44k/hindustani/hindustani_t0084_q2.wav,1253.604,10.0,859885924,False
hindustani_t0084_q3,hindustani_81_Raag_Bihag,hindustani,/Users/prita/Desktop/Audio Fingerprinting/afp_bench/data/queries_44k/hindustani/hindustani_t0084_q3.wav,1667.87,10.0,859885924,False
hindustani_t0084_q4,hindustani_81_Raag_Bihag,hindustani,/Users/prita/Desktop/Audio Fingerprinting/afp_bench/data/queries_44k/hindustani/hindustani_t0084_q4.wav,2082.35,10.0,859885924,False
hindustani_t0085_q0,hindustani_86_Raag_Khat_Todi,hindustani,/Users/prita/Desktop/Audio Fingerprinting/afp_bench/data/queries_44k/hindustani/hindustani_t0085_q0.wav,217.392,10.0,2368697715,False
hindustani_t0085_q1,hindustani_86_Raag_Khat_Todi,hindustani,/Users/prita/Desktop/Audio Fingerprinting/afp_bench/data/queries_44k/hindustani/hindustani_t0085_q1.wav,425.327,10.0,2368697715,False
hindustani_t0085_q2,hindustani_86_Raag_Khat_Todi,hindustani,/Users/prita/Desktop/Audio Fingerprinting/afp_bench/data/queries_44k/hindustani/hindustani_t0085_q2.wav,632.189,10.0,2368697715,False
hindustani_t0085_q3,hindustani_86_Raag_Khat_Todi,hindustani,/Users/prita/Desktop/Audio Fingerprinting/afp_bench/data/queries_44k/hindustani/hindustani_t0085_q3.wav,839.711,10.0,2368697715,False
hindustani_t0085_q4,hindustani_86_Raag_Khat_Todi,hindustani,/Users/prita/Desktop/Audio Fingerprinting/afp_bench/data/queries_44k/hindustani/hindustani_t0085_q4.wav,1047.242,10.0,2368697715,False
hindustani_t0086_q0,hindustani_87_Raag_Ramgauri_&_Gauri,hindustani,/Users/prita/Desktop/Audio Fingerprinting/afp_bench/data/queries_44k/hindustani/hindustani_t0086_q0.wav,182.628,10.0,2836838242,False
hindustani_t0086_q1,hindustani_87_Raag_Ramgauri_&_Gauri,hindustani,/Users/prita/Desktop/Audio Fingerprinting/afp_bench/data/queries_44k/hindustani/hindustani_t0086_q1.wav,355.823,10.0,2836838242,False
hindustani_t0086_q2,hindustani_87_Raag_Ramgauri_&_Gauri,hindustani,/Users/prita/Desktop/Audio Fingerprinting/afp_bench/data/queries_44k/hindustani/hindustani_t0086_q2.wav,529.134,10.0,2836838242,False
hindustani_t0086_q3,hindustani_87_Raag_Ramgauri_&_Gauri,hindustani,/Users/prita/Desktop/Audio Fingerprinting/afp_bench/data/queries_44k/hindustani/hindustani_t0086_q3.wav,702.172,10.0,2836838242,False
hindustani_t0086_q4,hindustani_87_Raag_Ramgauri_&_Gauri,hindustani,/Users/prita/Desktop/Audio Fingerprinting/afp_bench/data/queries_44k/hindustani/hindustani_t0086_q4.wav,875.826,10.0,2836838242,False
hindustani_t0087_q0,hindustani_88_Raag_Dagori_Deepki,hindustani,/Users/prita/Desktop/Audio Fingerprinting/afp_bench/data/queries_44k/hindustani/hindustani_t0087_q0.wav,112.032,10.0,935315160,False
hindustani_t0087_q1,hindustani_88_Raag_Dagori_Deepki,hindustani,/Users/prita/Desktop/Audio Fingerprinting/afp_bench/data/queries_44k/hindustani/hindustani_t0087_q1.wav,212.922,10.0,935315160,False
hindustani_t0087_q2,hindustani_88_Raag_Dagori_Deepki,hindustani,/Users/prita/Desktop/Audio Fingerprinting/afp_bench/data/queries_44k/hindustani/hindustani_t0087_q2.wav,314.461,10.0,935315160,False
hindustani_t0087_q3,hindustani_88_Raag_Dagori_Deepki,hindustani,/Users/prita/Desktop/Audio Fingerprinting/afp_bench/data/queries_44k/hindustani/hindustani_t0087_q3.wav,416.027,10.0,935315160,False
hindustani_t0087_q4,hindustani_88_Raag_Dagori_Deepki,hindustani,/Users/prita/Desktop/Audio Fingerprinting/afp_bench/data/queries_44k/hindustani/hindustani_t0087_q4.wav,517.786,10.0,935315160,False
hindustani_t0088_q0,hindustani_8_Raag_Kedar,hindustani,/Users/prita/Desktop/Audio Fingerprinting/afp_bench/data/queries_44k/hindustani/hindustani_t0088_q0.wav,459.526,10.0,2824659194,False
hindustani_t0088_q1,hindustani_8_Raag_Kedar,hindustani,/Users/prita/Desktop/Audio Fingerprinting/afp_bench/data/queries_44k/hindustani/hindustani_t0088_q1.wav,909.055,10.0,2824659194,False
hindustani_t0088_q2,hindustani_8_Raag_Kedar,hindustani,/Users/prita/Desktop/Audio Fingerprinting/afp_bench/data/queries_44k/hindustani/hindustani_t0088_q2.wav,1358.921,10.0,2824659194,False
hindustani_t0088_q3,hindustani_8_Raag_Kedar,hindustani,/Users/prita/Desktop/Audio Fingerprinting/afp_bench/data/queries_44k/hindustani/hindustani_t0088_q3.wav,1808.037,10.0,2824659194,False
hindustani_t0088_q4,hindustani_8_Raag_Kedar,hindustani,/Users/prita/Desktop/Audio Fingerprinting/afp_bench/data/queries_44k/hindustani/hindustani_t0088_q4.wav,2257.918,10.0,2824659194,False
hindustani_t0089_q0,hindustani_90_Raag_Triveni,hindustani,/Users/prita/Desktop/Audio Fingerprinting/afp_bench/data/queries_44k/hindustani/hindustani_t0089_q0.wav,255.975,10.0,1097387033,False
hindustani_t0089_q1,hindustani_90_Raag_Triveni,hindustani,/Users/prita/Desktop/Audio Fingerprinting/afp_bench/data/queries_44k/hindustani/hindustani_t0089_q1.wav,503.068,10.0,1097387033,False
hindustani_t0089_q2,hindustani_90_Raag_Triveni,hindustani,/Users/prita/Desktop/Audio Fingerprinting/afp_bench/data/queries_44k/hindustani/hindustani_t0089_q2.wav,749.049,10.0,1097387033,False
hindustani_t0089_q3,hindustani_90_Raag_Triveni,hindustani,/Users/prita/Desktop/Audio Fingerprinting/afp_bench/data/queries_44k/hindustani/hindustani_t0089_q3.wav,996.077,10.0,1097387033,False
hindustani_t0089_q4,hindustani_90_Raag_Triveni,hindustani,/Users/prita/Desktop/Audio Fingerprinting/afp_bench/data/queries_44k/hindustani/hindustani_t0089_q4.wav,1241.875,10.0,1097387033,False
hindustani_t0090_q0,hindustani_91_Raag_Komal_Rishav_Aasavari,hindustani,/Users/prita/Desktop/Audio Fingerprinting/afp_bench/data/queries_44k/hindustani/hindustani_t0090_q0.wav,242.879,10.0,2141244392,False
hindustani_t0090_q1,hindustani_91_Raag_Komal_Rishav_Aasavari,hindustani,/Users/prita/Desktop/Audio Fingerprinting/afp_bench/data/queries_44k/hindustani/hindustani_t0090_q1.wav,476.395,10.0,2141244392,False
hindustani_t0090_q2,hindustani_91_Raag_Komal_Rishav_Aasavari,hindustani,/Users/prita/Desktop/Audio Fingerprinting/afp_bench/data/queries_44k/hindustani/hindustani_t0090_q2.wav,709.669,10.0,2141244392,False
hindustani_t0090_q3,hindustani_91_Raag_Komal_Rishav_Aasavari,hindustani,/Users/prita/Desktop/Audio Fingerprinting/afp_bench/data/queries_44k/hindustani/hindustani_t0090_q3.wav,942.678,10.0,2141244392,False
hindustani_t0090_q4,hindustani_91_Raag_Komal_Rishav_Aasavari,hindustani,/Users/prita/Desktop/Audio Fingerprinting/afp_bench/data/queries_44k/hindustani/hindustani_t0090_q4.wav,1176.057,10.0,2141244392,False
hindustani_t0091_q0,hindustani_92_Raag_Sooha_Kanada,hindustani,/Users/prita/Desktop/Audio Fingerprinting/afp_bench/data/queries_44k/hindustani/hindustani_t0091_q0.wav,167.161,10.0,951251239,False
hindustani_t0091_q1,hindustani_92_Raag_Sooha_Kanada,hindustani,/Users/prita/Desktop/Audio Fingerprinting/afp_bench/data/queries_44k/hindustani/hindustani_t0091_q1.wav,323.913,10.0,951251239,False
hindustani_t0091_q2,hindustani_92_Raag_Sooha_Kanada,hindustani,/Users/prita/Desktop/Audio Fingerprinting/afp_bench/data/queries_44k/hindustani/hindustani_t0091_q2.wav,480.176,10.0,951251239,False
hindustani_t0091_q3,hindustani_92_Raag_Sooha_Kanada,hindustani,/Users/prita/Desktop/Audio Fingerprinting/afp_bench/data/queries_44k/hindustani/hindustani_t0091_q3.wav,637.789,10.0,951251239,False
hindustani_t0091_q4,hindustani_92_Raag_Sooha_Kanada,hindustani,/Users/prita/Desktop/Audio Fingerprinting/afp_bench/data/queries_44k/hindustani/hindustani_t0091_q4.wav,794.749,10.0,951251239,False
hindustani_t0092_q0,hindustani_93_Raag_Lalita_Gauri,hindustani,/Users/prita/Desktop/Audio Fingerprinting/afp_bench/data/queries_44k/hindustani/hindustani_t0092_q0.wav,169.977,10.0,3810272693,False
hindustani_t0092_q1,hindustani_93_Raag_Lalita_Gauri,hindustani,/Users/prita/Desktop/Audio Fingerprinting/afp_bench/data/queries_44k/hindustani/hindustani_t0092_q1.wav,330.566,10.0,3810272693,False
hindustani_t0092_q2,hindustani_93_Raag_Lalita_Gauri,hindustani,/Users/prita/Desktop/Audio Fingerprinting/afp_bench/data/queries_44k/hindustani/hindustani_t0092_q2.wav,490.842,10.0,3810272693,False
hindustani_t0092_q3,hindustani_93_Raag_Lalita_Gauri,hindustani,/Users/prita/Desktop/Audio Fingerprinting/afp_bench/data/queries_44k/hindustani/hindustani_t0092_q3.wav,651.067,10.0,3810272693,False
hindustani_t0092_q4,hindustani_93_Raag_Lalita_Gauri,hindustani,/Users/prita/Desktop/Audio Fingerprinting/afp_bench/data/queries_44k/hindustani/hindustani_t0092_q4.wav,810.998,10.0,3810272693,False
hindustani_t0093_q0,hindustani_94_Raag_Hindol_Pancham,hindustani,/Users/prita/Desktop/Audio Fingerprinting/afp_bench/data/queries_44k/hindustani/hindustani_t0093_q0.wav,126.744,10.0,3097585102,False
hindustani_t0093_q1,hindustani_94_Raag_Hindol_Pancham,hindustani,/Users/prita/Desktop/Audio Fingerprinting/afp_bench/data/queries_44k/hindustani/hindustani_t0093_q1.wav,242.182,10.0,3097585102,False
hindustani_t0093_q2,hindustani_94_Raag_Hindol_Pancham,hindustani,/Users/prita/Desktop/Audio Fingerprinting/afp_bench/data/queries_44k/hindustani/hindustani_t0093_q2.wav,358.469,10.0,3097585102,False
hindustani_t0093_q3,hindustani_94_Raag_Hindol_Pancham,hindustani,/Users/prita/Desktop/Audio Fingerprinting/afp_bench/data/queries_44k/hindustani/hindustani_t0093_q3.wav,474.787,10.0,3097585102,False
hindustani_t0093_q4,hindustani_94_Raag_Hindol_Pancham,hindustani,/Users/prita/Desktop/Audio Fingerprinting/afp_bench/data/queries_44k/hindustani/hindustani_t0093_q4.wav,590.793,10.0,3097585102,False
hindustani_t0094_q0,hindustani_95_Raag_Basanti_Kedar,hindustani,/Users/prita/Desktop/Audio Fingerprinting/afp_bench/data/queries_44k/hindustani/hindustani_t0094_q0.wav,172.376,10.0,1767639340,False
hindustani_t0094_q1,hindustani_95_Raag_Basanti_Kedar,hindustani,/Users/prita/Desktop/Audio Fingerprinting/afp_bench/data/queries_44k/hindustani/hindustani_t0094_q1.wav,333.426,10.0,1767639340,False
hindustani_t0094_q2,hindustani_95_Raag_Basanti_Kedar,hindustani,/Users/prita/Desktop/Audio Fingerprinting/afp_bench/data/queries_44k/hindustani/hindustani_t0094_q2.wav,495.361,10.0,1767639340,False
hindustani_t0094_q3,hindustani_95_Raag_Basanti_Kedar,hindustani,/Users/prita/Desktop/Audio Fingerprinting/afp_bench/data/queries_44k/hindustani/hindustani_t0094_q3.wav,657.882,10.0,1767639340,False
hindustani_t0094_q4,hindustani_95_Raag_Basanti_Kedar,hindustani,/Users/prita/Desktop/Audio Fingerprinting/afp_bench/data/queries_44k/hindustani/hindustani_t0094_q4.wav,819.015,10.0,1767639340,False
hindustani_t0095_q0,hindustani_96_Raag_Nat_Kamod,hindustani,/Users/prita/Desktop/Audio Fingerprinting/afp_bench/data/queries_44k/hindustani/hindustani_t0095_q0.wav,95.608,10.0,258739372,False
hindustani_t0095_q1,hindustani_96_Raag_Nat_Kamod,hindustani,/Users/prita/Desktop/Audio Fingerprinting/afp_bench/data/queries_44k/hindustani/hindustani_t0095_q1.wav,182.287,10.0,258739372,False
hindustani_t0095_q2,hindustani_96_Raag_Nat_Kamod,hindustani,/Users/prita/Desktop/Audio Fingerprinting/afp_bench/data/queries_44k/hindustani/hindustani_t0095_q2.wav,268.249,10.0,258739372,False
hindustani_t0095_q3,hindustani_96_Raag_Nat_Kamod,hindustani,/Users/prita/Desktop/Audio Fingerprinting/afp_bench/data/queries_44k/hindustani/hindustani_t0095_q3.wav,354.708,10.0,258739372,False
hindustani_t0095_q4,hindustani_96_Raag_Nat_Kamod,hindustani,/Users/prita/Desktop/Audio Fingerprinting/afp_bench/data/queries_44k/hindustani/hindustani_t0095_q4.wav,440.331,10.0,258739372,False
hindustani_t0096_q0,hindustani_97_Raag_Jogiya,hindustani,/Users/prita/Desktop/Audio Fingerprinting/afp_bench/data/queries_44k/hindustani/hindustani_t0096_q0.wav,74.749,10.0,2398183734,False
hindustani_t0096_q1,hindustani_97_Raag_Jogiya,hindustani,/Users/prita/Desktop/Audio Fingerprinting/afp_bench/data/queries_44k/hindustani/hindustani_t0096_q1.wav,138.891,10.0,2398183734,False
hindustani_t0096_q2,hindustani_97_Raag_Jogiya,hindustani,/Users/prita/Desktop/Audio Fingerprinting/afp_bench/data/queries_44k/hindustani/hindustani_t0096_q2.wav,203.359,10.0,2398183734,False
hindustani_t0096_q3,hindustani_97_Raag_Jogiya,hindustani,/Users/prita/Desktop/Audio Fingerprinting/afp_bench/data/queries_44k/hindustani/hindustani_t0096_q3.wav,267.985,10.0,2398183734,False
hindustani_t0096_q4,hindustani_97_Raag_Jogiya,hindustani,/Users/prita/Desktop/Audio Fingerprinting/afp_bench/data/queries_44k/hindustani/hindustani_t0096_q4.wav,332.216,10.0,2398183734,False
hindustani_t0097_q0,hindustani_98_Raag_Jait_Kalyan,hindustani,/Users/prita/Desktop/Audio Fingerprinting/afp_bench/data/queries_44k/hindustani/hindustani_t0097_q0.wav,249.423,10.0,1869976166,False
hindustani_t0097_q1,hindustani_98_Raag_Jait_Kalyan,hindustani,/Users/prita/Desktop/Audio Fingerprinting/afp_bench/data/queries_44k/hindustani/hindustani_t0097_q1.wav,489.756,10.0,1869976166,False
hindustani_t0097_q2,hindustani_98_Raag_Jait_Kalyan,hindustani,/Users/prita/Desktop/Audio Fingerprinting/afp_bench/data/queries_44k/hindustani/hindustani_t0097_q2.wav,728.634,10.0,1869976166,False
hindustani_t0097_q3,hindustani_98_Raag_Jait_Kalyan,hindustani,/Users/prita/Desktop/Audio Fingerprinting/afp_bench/data/queries_44k/hindustani/hindustani_t0097_q3.wav,968.918,10.0,1869976166,False
hindustani_t0097_q4,hindustani_98_Raag_Jait_Kalyan,hindustani,/Users/prita/Desktop/Audio Fingerprinting/afp_bench/data/queries_44k/hindustani/hindustani_t0097_q4.wav,1208.601,10.0,1869976166,False
hindustani_t0098_q0,hindustani_99_Raag_Khokar,hindustani,/Users/prita/Desktop/Audio Fingerprinting/afp_bench/data/queries_44k/hindustani/hindustani_t0098_q0.wav,142.469,10.0,2287385079,False
hindustani_t0098_q1,hindustani_99_Raag_Khokar,hindustani,/Users/prita/Desktop/Audio Fingerprinting/afp_bench/data/queries_44k/hindustani/hindustani_t0098_q1.wav,275.058,10.0,2287385079,False
hindustani_t0098_q2,hindustani_99_Raag_Khokar,hindustani,/Users/prita/Desktop/Audio Fingerprinting/afp_bench/data/queries_44k/hindustani/hindustani_t0098_q2.wav,407.219,10.0,2287385079,False
hindustani_t0098_q3,hindustani_99_Raag_Khokar,hindustani,/Users/prita/Desktop/Audio Fingerprinting/afp_bench/data/queries_44k/hindustani/hindustani_t0098_q3.wav,539.652,10.0,2287385079,False
hindustani_t0098_q4,hindustani_99_Raag_Khokar,hindustani,/Users/prita/Desktop/Audio Fingerprinting/afp_bench/data/queries_44k/hindustani/hindustani_t0098_q4.wav,672.571,10.0,2287385079,False
hindustani_t0099_q0,hindustani_9_Raag_Jog,hindustani,/Users/prita/Desktop/Audio Fingerprinting/afp_bench/data/queries_44k/hindustani/hindustani_t0099_q0.wav,529.364,10.0,1452217625,True
hindustani_t0099_q1,hindustani_9_Raag_Jog,hindustani,/Users/prita/Desktop/Audio Fingerprinting/afp_bench/data/queries_44k/hindustani/hindustani_t0099_q1.wav,1049.018,10.0,1452217625,True
hindustani_t0099_q2,hindustani_9_Raag_Jog,hindustani,/Users/prita/Desktop/Audio Fingerprinting/afp_bench/data/queries_44k/hindustani/hindustani_t0099_q2.wav,1568.709,10.0,1452217625,True
hindustani_t0099_q3,hindustani_9_Raag_Jog,hindustani,/Users/prita/Desktop/Audio Fingerprinting/afp_bench/data/queries_44k/hindustani/hindustani_t0099_q3.wav,2087.872,10.0,1452217625,True
hindustani_t0099_q4,hindustani_9_Raag_Jog,hindustani,/Users/prita/Desktop/Audio Fingerprinting/afp_bench/data/queries_44k/hindustani/hindustani_t0099_q4.wav,2607.309,10.0,1452217625,True
